sample_id,SampleID,ExtractID,Trap,pool_comp,seqrun,replicate,submitted_to_insdc,investigation_type,project_name,experimental_factor,lat_lon,geo_loc_name,collection_date,biome,feature,material,env_package,subspecf_gen_lin,samp_mat_process,samp_size,nucl_acid_ext,nucl_acid_amp,lib_size,lib_const_meth,target_gene,target_subfragment,sfffile_id,pcr_primers,mid,adapters,pcr_cond,seq_meth,seq_quality_check,chimera_check,url,host_common_name,host_taxid,Community,individuals,disease_stat,body_product,tot_mass,diet,family_relationship,genotype,host_color,perturbation,samp_store_temp
fwhF2-HexCOIR4-CM1_S40_R1_001,fwhF2-HexCOIR4-CM1,fwhF2-HexCOIR4-CM1,CM1,NA,2,1,FALSE,Metabarcoding,Dros_niti,O,NA,NA,NA,NA,Nitidulidae,NA,NA,NA,NA,NA,Qiagen Nondestructive,NA,NA,amplicon,COI,fwhF2-HexCOIR4,NA,fwhf2T1-HexCOIR4T1,NA,NA,NA,Miseq,NA,DADA2,NA,NA,NA,NA,NA,NA,NA,NA,NA,NA,NA,NA,NA,-20
fwhF2-HexCOIR4-CM1_S40_R2_001,fwhF2-HexCOIR4-CM1,fwhF2-HexCOIR4-CM1,CM1,NA,2,1,FALSE,Metabarcoding,Dros_niti,O,NA,NA,NA,NA,Nitidulidae,NA,NA,NA,NA,NA,Qiagen Nondestructive,NA,NA,amplicon,COI,fwhF2-HexCOIR4,NA,fwhf2T1-HexCOIR4T1,NA,NA,NA,Miseq,NA,DADA2,NA,NA,NA,NA,NA,NA,NA,NA,NA,NA,NA,NA,NA,-20
fwhF2-HexCOIR4-CM2_S41_R1_001,fwhF2-HexCOIR4-CM2,fwhF2-HexCOIR4-CM2,CM2,NA,2,1,FALSE,Metabarcoding,Dros_niti,O,NA,NA,NA,NA,Nitidulidae,NA,NA,NA,NA,NA,Qiagen Nondestructive,NA,NA,amplicon,COI,fwhF2-HexCOIR4,NA,fwhf2T1-HexCOIR4T1,NA,NA,NA,Miseq,NA,DADA2,NA,NA,NA,NA,NA,NA,NA,NA,NA,NA,NA,NA,NA,-20
fwhF2-HexCOIR4-CM2_S41_R2_001,fwhF2-HexCOIR4-CM2,fwhF2-HexCOIR4-CM2,CM2,NA,2,1,FALSE,Metabarcoding,Dros_niti,O,NA,NA,NA,NA,Nitidulidae,NA,NA,NA,NA,NA,Qiagen Nondestructive,NA,NA,amplicon,COI,fwhF2-HexCOIR4,NA,fwhf2T1-HexCOIR4T1,NA,NA,NA,Miseq,NA,DADA2,NA,NA,NA,NA,NA,NA,NA,NA,NA,NA,NA,NA,NA,-20
fwhF2-HexCOIR4-CM3_S42_R1_001,fwhF2-HexCOIR4-CM3,fwhF2-HexCOIR4-CM3,CM3,NA,2,1,FALSE,Metabarcoding,Dros_niti,O,NA,NA,NA,NA,Nitidulidae,NA,NA,NA,NA,NA,Qiagen Nondestructive,NA,NA,amplicon,COI,fwhF2-HexCOIR4,NA,fwhf2T1-HexCOIR4T1,NA,NA,NA,Miseq,NA,DADA2,NA,NA,NA,NA,NA,NA,NA,NA,NA,NA,NA,NA,NA,-20
fwhF2-HexCOIR4-CM3_S42_R2_001,fwhF2-HexCOIR4-CM3,fwhF2-HexCOIR4-CM3,CM3,NA,2,1,FALSE,Metabarcoding,Dros_niti,O,NA,NA,NA,NA,Nitidulidae,NA,NA,NA,NA,NA,Qiagen Nondestructive,NA,NA,amplicon,COI,fwhF2-HexCOIR4,NA,fwhf2T1-HexCOIR4T1,NA,NA,NA,Miseq,NA,DADA2,NA,NA,NA,NA,NA,NA,NA,NA,NA,NA,NA,NA,NA,-20
fwhF2-HexCOIR4-CM4_S44_R1_001,fwhF2-HexCOIR4-CM4,fwhF2-HexCOIR4-CM4,CM4,NA,2,1,FALSE,Metabarcoding,Dros_niti,O,NA,NA,NA,NA,Nitidulidae,NA,NA,NA,NA,NA,Qiagen Nondestructive,NA,NA,amplicon,COI,fwhF2-HexCOIR4,NA,fwhf2T1-HexCOIR4T1,NA,NA,NA,Miseq,NA,DADA2,NA,NA,NA,NA,NA,NA,NA,NA,NA,NA,NA,NA,NA,-20
fwhF2-HexCOIR4-CM4_S44_R2_001,fwhF2-HexCOIR4-CM4,fwhF2-HexCOIR4-CM4,CM4,NA,2,1,FALSE,Metabarcoding,Dros_niti,O,NA,NA,NA,NA,Nitidulidae,NA,NA,NA,NA,NA,Qiagen Nondestructive,NA,NA,amplicon,COI,fwhF2-HexCOIR4,NA,fwhf2T1-HexCOIR4T1,NA,NA,NA,Miseq,NA,DADA2,NA,NA,NA,NA,NA,NA,NA,NA,NA,NA,NA,NA,NA,-20
fwhF2-HexCOIR4-CM5_S45_R1_001,fwhF2-HexCOIR4-CM5,fwhF2-HexCOIR4-CM5,CM5,NA,2,1,FALSE,Metabarcoding,Dros_niti,O,NA,NA,NA,NA,Nitidulidae,NA,NA,NA,NA,NA,Qiagen Nondestructive,NA,NA,amplicon,COI,fwhF2-HexCOIR4,NA,fwhf2T1-HexCOIR4T1,NA,NA,NA,Miseq,NA,DADA2,NA,NA,NA,NA,NA,NA,NA,NA,NA,NA,NA,NA,NA,-20
fwhF2-HexCOIR4-CM5_S45_R2_001,fwhF2-HexCOIR4-CM5,fwhF2-HexCOIR4-CM5,CM5,NA,2,1,FALSE,Metabarcoding,Dros_niti,O,NA,NA,NA,NA,Nitidulidae,NA,NA,NA,NA,NA,Qiagen Nondestructive,NA,NA,amplicon,COI,fwhF2-HexCOIR4,NA,fwhf2T1-HexCOIR4T1,NA,NA,NA,Miseq,NA,DADA2,NA,NA,NA,NA,NA,NA,NA,NA,NA,NA,NA,NA,NA,-20
fwhF2-HexCOIR4-D100M1_S29_R1_001,fwhF2-HexCOIR4-D100M1,fwhF2-HexCOIR4-D100M1,D100M1,NA,2,1,FALSE,Metabarcoding,Dros_niti,O,NA,NA,NA,NA,Drosophilidae,NA,NA,NA,NA,NA,Qiagen Nondestructive,NA,NA,amplicon,COI,fwhF2-HexCOIR4,NA,fwhf2T1-HexCOIR4T1,NA,NA,NA,Miseq,NA,DADA2,NA,NA,NA,NA,NA,NA,NA,NA,NA,NA,NA,NA,NA,-20
fwhF2-HexCOIR4-D100M1_S29_R2_001,fwhF2-HexCOIR4-D100M1,fwhF2-HexCOIR4-D100M1,D100M1,NA,2,1,FALSE,Metabarcoding,Dros_niti,O,NA,NA,NA,NA,Drosophilidae,NA,NA,NA,NA,NA,Qiagen Nondestructive,NA,NA,amplicon,COI,fwhF2-HexCOIR4,NA,fwhf2T1-HexCOIR4T1,NA,NA,NA,Miseq,NA,DADA2,NA,NA,NA,NA,NA,NA,NA,NA,NA,NA,NA,NA,NA,-20
fwhF2-HexCOIR4-D100M2_S30_R1_001,fwhF2-HexCOIR4-D100M2,fwhF2-HexCOIR4-D100M2,D100M2,NA,2,1,FALSE,Metabarcoding,Dros_niti,O,NA,NA,NA,NA,Drosophilidae,NA,NA,NA,NA,NA,Qiagen Nondestructive,NA,NA,amplicon,COI,fwhF2-HexCOIR4,NA,fwhf2T1-HexCOIR4T1,NA,NA,NA,Miseq,NA,DADA2,NA,NA,NA,NA,NA,NA,NA,NA,NA,NA,NA,NA,NA,-20
fwhF2-HexCOIR4-D100M2_S30_R2_001,fwhF2-HexCOIR4-D100M2,fwhF2-HexCOIR4-D100M2,D100M2,NA,2,1,FALSE,Metabarcoding,Dros_niti,O,NA,NA,NA,NA,Drosophilidae,NA,NA,NA,NA,NA,Qiagen Nondestructive,NA,NA,amplicon,COI,fwhF2-HexCOIR4,NA,fwhf2T1-HexCOIR4T1,NA,NA,NA,Miseq,NA,DADA2,NA,NA,NA,NA,NA,NA,NA,NA,NA,NA,NA,NA,NA,-20
fwhF2-HexCOIR4-D100M3_S31_R1_001,fwhF2-HexCOIR4-D100M3,fwhF2-HexCOIR4-D100M3,D100M3,NA,2,1,FALSE,Metabarcoding,Dros_niti,O,NA,NA,NA,NA,Drosophilidae,NA,NA,NA,NA,NA,Qiagen Nondestructive,NA,NA,amplicon,COI,fwhF2-HexCOIR4,NA,fwhf2T1-HexCOIR4T1,NA,NA,NA,Miseq,NA,DADA2,NA,NA,NA,NA,NA,NA,NA,NA,NA,NA,NA,NA,NA,-20
fwhF2-HexCOIR4-D100M3_S31_R2_001,fwhF2-HexCOIR4-D100M3,fwhF2-HexCOIR4-D100M3,D100M3,NA,2,1,FALSE,Metabarcoding,Dros_niti,O,NA,NA,NA,NA,Drosophilidae,NA,NA,NA,NA,NA,Qiagen Nondestructive,NA,NA,amplicon,COI,fwhF2-HexCOIR4,NA,fwhf2T1-HexCOIR4T1,NA,NA,NA,Miseq,NA,DADA2,NA,NA,NA,NA,NA,NA,NA,NA,NA,NA,NA,NA,NA,-20
fwhF2-HexCOIR4-D100M4_S33_R1_001,fwhF2-HexCOIR4-D100M4,fwhF2-HexCOIR4-D100M4,D100M4,NA,2,1,FALSE,Metabarcoding,Dros_niti,O,NA,NA,NA,NA,Drosophilidae,NA,NA,NA,NA,NA,Qiagen Nondestructive,NA,NA,amplicon,COI,fwhF2-HexCOIR4,NA,fwhf2T1-HexCOIR4T1,NA,NA,NA,Miseq,NA,DADA2,NA,NA,NA,NA,NA,NA,NA,NA,NA,NA,NA,NA,NA,-20
fwhF2-HexCOIR4-D100M4_S33_R2_001,fwhF2-HexCOIR4-D100M4,fwhF2-HexCOIR4-D100M4,D100M4,NA,2,1,FALSE,Metabarcoding,Dros_niti,O,NA,NA,NA,NA,Drosophilidae,NA,NA,NA,NA,NA,Qiagen Nondestructive,NA,NA,amplicon,COI,fwhF2-HexCOIR4,NA,fwhf2T1-HexCOIR4T1,NA,NA,NA,Miseq,NA,DADA2,NA,NA,NA,NA,NA,NA,NA,NA,NA,NA,NA,NA,NA,-20
fwhF2-HexCOIR4-D100M5_S34_R1_001,fwhF2-HexCOIR4-D100M5,fwhF2-HexCOIR4-D100M5,D100M5,NA,2,1,FALSE,Metabarcoding,Dros_niti,O,NA,NA,NA,NA,Drosophilidae,NA,NA,NA,NA,NA,Qiagen Nondestructive,NA,NA,amplicon,COI,fwhF2-HexCOIR4,NA,fwhf2T1-HexCOIR4T1,NA,NA,NA,Miseq,NA,DADA2,NA,NA,NA,NA,NA,NA,NA,NA,NA,NA,NA,NA,NA,-20
fwhF2-HexCOIR4-D100M5_S34_R2_001,fwhF2-HexCOIR4-D100M5,fwhF2-HexCOIR4-D100M5,D100M5,NA,2,1,FALSE,Metabarcoding,Dros_niti,O,NA,NA,NA,NA,Drosophilidae,NA,NA,NA,NA,NA,Qiagen Nondestructive,NA,NA,amplicon,COI,fwhF2-HexCOIR4,NA,fwhf2T1-HexCOIR4T1,NA,NA,NA,Miseq,NA,DADA2,NA,NA,NA,NA,NA,NA,NA,NA,NA,NA,NA,NA,NA,-20
fwhF2-HexCOIR4-DM0-FF_S36_R1_001,fwhF2-HexCOIR4-DM0-FF,fwhF2-HexCOIR4-DM0FF,DM0FF,NA,2,1,FALSE,Metabarcoding,Dros_niti,O,NA,NA,NA,NA,Cherry,NA,NA,NA,NA,NA,Qiagen Nondestructive,NA,NA,amplicon,COI,fwhF2-HexCOIR4,NA,fwhf2T1-HexCOIR4T1,NA,NA,NA,Miseq,NA,DADA2,NA,NA,NA,NA,NA,NA,NA,NA,NA,NA,NA,NA,NA,-20
fwhF2-HexCOIR4-DM0-FF_S36_R2_001,fwhF2-HexCOIR4-DM0-FF,fwhF2-HexCOIR4-DM0FF,DM0FF,NA,2,1,FALSE,Metabarcoding,Dros_niti,O,NA,NA,NA,NA,Cherry,NA,NA,NA,NA,NA,Qiagen Nondestructive,NA,NA,amplicon,COI,fwhF2-HexCOIR4,NA,fwhf2T1-HexCOIR4T1,NA,NA,NA,Miseq,NA,DADA2,NA,NA,NA,NA,NA,NA,NA,NA,NA,NA,NA,NA,NA,-20
fwhF2-HexCOIR4-DM0Sach_S35_R1_001,fwhF2-HexCOIR4-DM0Sach,fwhF2-HexCOIR4-DM0Sach,DM0Sach,NA,2,1,FALSE,Metabarcoding,Dros_niti,O,NA,NA,NA,NA,Cherry,NA,NA,NA,NA,NA,Qiagen Nondestructive,NA,NA,amplicon,COI,fwhF2-HexCOIR4,NA,fwhf2T1-HexCOIR4T1,NA,NA,NA,Miseq,NA,DADA2,NA,NA,NA,NA,NA,NA,NA,NA,NA,NA,NA,NA,NA,-20
fwhF2-HexCOIR4-DM0Sach_S35_R2_001,fwhF2-HexCOIR4-DM0Sach,fwhF2-HexCOIR4-DM0Sach,DM0Sach,NA,2,1,FALSE,Metabarcoding,Dros_niti,O,NA,NA,NA,NA,Cherry,NA,NA,NA,NA,NA,Qiagen Nondestructive,NA,NA,amplicon,COI,fwhF2-HexCOIR4,NA,fwhf2T1-HexCOIR4T1,NA,NA,NA,Miseq,NA,DADA2,NA,NA,NA,NA,NA,NA,NA,NA,NA,NA,NA,NA,NA,-20
fwhF2-HexCOIR4-DM10-FF_S39_R1_001,fwhF2-HexCOIR4-DM10-FF,fwhF2-HexCOIR4-DM10FF,DM10FF,NA,2,1,FALSE,Metabarcoding,Dros_niti,O,NA,NA,NA,NA,Cherry,NA,NA,NA,NA,NA,Qiagen Nondestructive,NA,NA,amplicon,COI,fwhF2-HexCOIR4,NA,fwhf2T1-HexCOIR4T1,NA,NA,NA,Miseq,NA,DADA2,NA,NA,NA,NA,NA,NA,NA,NA,NA,NA,NA,NA,NA,-20
fwhF2-HexCOIR4-DM10-FF_S39_R2_001,fwhF2-HexCOIR4-DM10-FF,fwhF2-HexCOIR4-DM10FF,DM10FF,NA,2,1,FALSE,Metabarcoding,Dros_niti,O,NA,NA,NA,NA,Cherry,NA,NA,NA,NA,NA,Qiagen Nondestructive,NA,NA,amplicon,COI,fwhF2-HexCOIR4,NA,fwhf2T1-HexCOIR4T1,NA,NA,NA,Miseq,NA,DADA2,NA,NA,NA,NA,NA,NA,NA,NA,NA,NA,NA,NA,NA,-20
fwhF2-HexCOIR4-DM10-SPD_S38_R1_001,fwhF2-HexCOIR4-DM10-SPD,fwhF2-HexCOIR4-DM10SPD,DM10SPD,NA,2,1,FALSE,Metabarcoding,Dros_niti,O,NA,NA,NA,NA,Cherry,NA,NA,NA,NA,NA,Qiagen Nondestructive,NA,NA,amplicon,COI,fwhF2-HexCOIR4,NA,fwhf2T1-HexCOIR4T1,NA,NA,NA,Miseq,NA,DADA2,NA,NA,NA,NA,NA,NA,NA,NA,NA,NA,NA,NA,NA,-20
fwhF2-HexCOIR4-DM10-SPD_S38_R2_001,fwhF2-HexCOIR4-DM10-SPD,fwhF2-HexCOIR4-DM10SPD,DM10SPD,NA,2,1,FALSE,Metabarcoding,Dros_niti,O,NA,NA,NA,NA,Cherry,NA,NA,NA,NA,NA,Qiagen Nondestructive,NA,NA,amplicon,COI,fwhF2-HexCOIR4,NA,fwhf2T1-HexCOIR4T1,NA,NA,NA,Miseq,NA,DADA2,NA,NA,NA,NA,NA,NA,NA,NA,NA,NA,NA,NA,NA,-20
fwhF2-HexCOIR4-DM6-SPD_S37_R1_001,fwhF2-HexCOIR4-DM6-SPD,fwhF2-HexCOIR4-DM6SPD,DM6SPD,NA,2,1,FALSE,Metabarcoding,Dros_niti,O,NA,NA,NA,NA,Cherry,NA,NA,NA,NA,NA,Qiagen Nondestructive,NA,NA,amplicon,COI,fwhF2-HexCOIR4,NA,fwhf2T1-HexCOIR4T1,NA,NA,NA,Miseq,NA,DADA2,NA,NA,NA,NA,NA,NA,NA,NA,NA,NA,NA,NA,NA,-20
fwhF2-HexCOIR4-DM6-SPD_S37_R2_001,fwhF2-HexCOIR4-DM6-SPD,fwhF2-HexCOIR4-DM6SPD,DM6SPD,NA,2,1,FALSE,Metabarcoding,Dros_niti,O,NA,NA,NA,NA,Cherry,NA,NA,NA,NA,NA,Qiagen Nondestructive,NA,NA,amplicon,COI,fwhF2-HexCOIR4,NA,fwhf2T1-HexCOIR4T1,NA,NA,NA,Miseq,NA,DADA2,NA,NA,NA,NA,NA,NA,NA,NA,NA,NA,NA,NA,NA,-20
fwhF2-HexCOIR4-extblank1_S32_R1_001,fwhF2-HexCOIR4-extblank1,fwhF2-HexCOIR4-extblank1,extblank1,NA,2,1,FALSE,Metabarcoding,Dros_niti,O,NA,NA,NA,NA,extblank,NA,NA,NA,NA,NA,Qiagen Nondestructive,NA,NA,amplicon,COI,fwhF2-HexCOIR4,NA,fwhf2T1-HexCOIR4T1,NA,NA,NA,Miseq,NA,DADA2,NA,NA,NA,NA,NA,NA,NA,NA,NA,NA,NA,NA,NA,-20
fwhF2-HexCOIR4-extblank1_S32_R2_001,fwhF2-HexCOIR4-extblank1,fwhF2-HexCOIR4-extblank1,extblank1,NA,2,1,FALSE,Metabarcoding,Dros_niti,O,NA,NA,NA,NA,extblank,NA,NA,NA,NA,NA,Qiagen Nondestructive,NA,NA,amplicon,COI,fwhF2-HexCOIR4,NA,fwhf2T1-HexCOIR4T1,NA,NA,NA,Miseq,NA,DADA2,NA,NA,NA,NA,NA,NA,NA,NA,NA,NA,NA,NA,NA,-20
fwhF2-HexCOIR4-extblank2_S43_R1_001,fwhF2-HexCOIR4-extblank2,fwhF2-HexCOIR4-extblank2,extblank2,NA,2,1,FALSE,Metabarcoding,Dros_niti,O,NA,NA,NA,NA,extblank,NA,NA,NA,NA,NA,Qiagen Nondestructive,NA,NA,amplicon,COI,fwhF2-HexCOIR4,NA,fwhf2T1-HexCOIR4T1,NA,NA,NA,Miseq,NA,DADA2,NA,NA,NA,NA,NA,NA,NA,NA,NA,NA,NA,NA,NA,-20
fwhF2-HexCOIR4-extblank2_S43_R2_001,fwhF2-HexCOIR4-extblank2,fwhF2-HexCOIR4-extblank2,extblank2,NA,2,1,FALSE,Metabarcoding,Dros_niti,O,NA,NA,NA,NA,extblank,NA,NA,NA,NA,NA,Qiagen Nondestructive,NA,NA,amplicon,COI,fwhF2-HexCOIR4,NA,fwhf2T1-HexCOIR4T1,NA,NA,NA,Miseq,NA,DADA2,NA,NA,NA,NA,NA,NA,NA,NA,NA,NA,NA,NA,NA,-20
fwhF2-HexCOIR4-extblank3_S46_R1_001,fwhF2-HexCOIR4-extblank3,fwhF2-HexCOIR4-extblank3,extblank3,NA,2,1,FALSE,Metabarcoding,Dros_niti,O,NA,NA,NA,NA,extblank,NA,NA,NA,NA,NA,Qiagen Nondestructive,NA,NA,amplicon,COI,fwhF2-HexCOIR4,NA,fwhf2T1-HexCOIR4T1,NA,NA,NA,Miseq,NA,DADA2,NA,NA,NA,NA,NA,NA,NA,NA,NA,NA,NA,NA,NA,-20
fwhF2-HexCOIR4-extblank3_S46_R2_001,fwhF2-HexCOIR4-extblank3,fwhF2-HexCOIR4-extblank3,extblank3,NA,2,1,FALSE,Metabarcoding,Dros_niti,O,NA,NA,NA,NA,extblank,NA,NA,NA,NA,NA,Qiagen Nondestructive,NA,NA,amplicon,COI,fwhF2-HexCOIR4,NA,fwhf2T1-HexCOIR4T1,NA,NA,NA,Miseq,NA,DADA2,NA,NA,NA,NA,NA,NA,NA,NA,NA,NA,NA,NA,NA,-20
fwhF2-HexCOIR4-pcrblank1_S55_R1_001,fwhF2-HexCOIR4-pcrblank1,fwhF2-HexCOIR4-pcrblank1,pcrblank1,NA,2,1,FALSE,Metabarcoding,Dros_niti,O,NA,NA,NA,NA,pcrblank,NA,NA,NA,NA,NA,Qiagen Nondestructive,NA,NA,amplicon,COI,fwhF2-HexCOIR4,NA,fwhf2T1-HexCOIR4T1,NA,NA,NA,Miseq,NA,DADA2,NA,NA,NA,NA,NA,NA,NA,NA,NA,NA,NA,NA,NA,-20
fwhF2-HexCOIR4-pcrblank1_S55_R2_001,fwhF2-HexCOIR4-pcrblank1,fwhF2-HexCOIR4-pcrblank1,pcrblank1,NA,2,1,FALSE,Metabarcoding,Dros_niti,O,NA,NA,NA,NA,pcrblank,NA,NA,NA,NA,NA,Qiagen Nondestructive,NA,NA,amplicon,COI,fwhF2-HexCOIR4,NA,fwhf2T1-HexCOIR4T1,NA,NA,NA,Miseq,NA,DADA2,NA,NA,NA,NA,NA,NA,NA,NA,NA,NA,NA,NA,NA,-20
fwhF2-HexCOIR4-pcrblank2_S56_R1_001,fwhF2-HexCOIR4-pcrblank2,fwhF2-HexCOIR4-pcrblank2,pcrblank2,NA,2,1,FALSE,Metabarcoding,Dros_niti,O,NA,NA,NA,NA,pcrblank,NA,NA,NA,NA,NA,Qiagen Nondestructive,NA,NA,amplicon,COI,fwhF2-HexCOIR4,NA,fwhf2T1-HexCOIR4T1,NA,NA,NA,Miseq,NA,DADA2,NA,NA,NA,NA,NA,NA,NA,NA,NA,NA,NA,NA,NA,-20
fwhF2-HexCOIR4-pcrblank2_S56_R2_001,fwhF2-HexCOIR4-pcrblank2,fwhF2-HexCOIR4-pcrblank2,pcrblank2,NA,2,1,FALSE,Metabarcoding,Dros_niti,O,NA,NA,NA,NA,pcrblank,NA,NA,NA,NA,NA,Qiagen Nondestructive,NA,NA,amplicon,COI,fwhF2-HexCOIR4,NA,fwhf2T1-HexCOIR4T1,NA,NA,NA,Miseq,NA,DADA2,NA,NA,NA,NA,NA,NA,NA,NA,NA,NA,NA,NA,NA,-20
fwhF2-fwhR2n-CM1_S12_R1_001,fwhF2-fwhR2n-CM1,fwhF2-fwhR2n-CM1,CM1,NA,2,1,FALSE,Metabarcoding,Dros_niti,O,NA,NA,NA,NA,Nitidulidae,NA,NA,NA,NA,NA,Qiagen Nondestructive,NA,NA,amplicon,COI,fwhF2-fwhR2n,NA,fwhf2T1-fwhR2nT1,NA,NA,NA,Miseq,NA,DADA2,NA,NA,NA,NA,NA,NA,NA,NA,NA,NA,NA,NA,NA,-20
fwhF2-fwhR2n-CM1_S12_R2_001,fwhF2-fwhR2n-CM1,fwhF2-fwhR2n-CM1,CM1,NA,2,1,FALSE,Metabarcoding,Dros_niti,O,NA,NA,NA,NA,Nitidulidae,NA,NA,NA,NA,NA,Qiagen Nondestructive,NA,NA,amplicon,COI,fwhF2-fwhR2n,NA,fwhf2T1-fwhR2nT1,NA,NA,NA,Miseq,NA,DADA2,NA,NA,NA,NA,NA,NA,NA,NA,NA,NA,NA,NA,NA,-20
fwhF2-fwhR2n-CM2_S13_R1_001,fwhF2-fwhR2n-CM2,fwhF2-fwhR2n-CM2,CM2,NA,2,1,FALSE,Metabarcoding,Dros_niti,O,NA,NA,NA,NA,Nitidulidae,NA,NA,NA,NA,NA,Qiagen Nondestructive,NA,NA,amplicon,COI,fwhF2-fwhR2n,NA,fwhf2T1-fwhR2nT1,NA,NA,NA,Miseq,NA,DADA2,NA,NA,NA,NA,NA,NA,NA,NA,NA,NA,NA,NA,NA,-20
fwhF2-fwhR2n-CM2_S13_R2_001,fwhF2-fwhR2n-CM2,fwhF2-fwhR2n-CM2,CM2,NA,2,1,FALSE,Metabarcoding,Dros_niti,O,NA,NA,NA,NA,Nitidulidae,NA,NA,NA,NA,NA,Qiagen Nondestructive,NA,NA,amplicon,COI,fwhF2-fwhR2n,NA,fwhf2T1-fwhR2nT1,NA,NA,NA,Miseq,NA,DADA2,NA,NA,NA,NA,NA,NA,NA,NA,NA,NA,NA,NA,NA,-20
fwhF2-fwhR2n-CM3_S14_R1_001,fwhF2-fwhR2n-CM3,fwhF2-fwhR2n-CM3,CM3,NA,2,1,FALSE,Metabarcoding,Dros_niti,O,NA,NA,NA,NA,Nitidulidae,NA,NA,NA,NA,NA,Qiagen Nondestructive,NA,NA,amplicon,COI,fwhF2-fwhR2n,NA,fwhf2T1-fwhR2nT1,NA,NA,NA,Miseq,NA,DADA2,NA,NA,NA,NA,NA,NA,NA,NA,NA,NA,NA,NA,NA,-20
fwhF2-fwhR2n-CM3_S14_R2_001,fwhF2-fwhR2n-CM3,fwhF2-fwhR2n-CM3,CM3,NA,2,1,FALSE,Metabarcoding,Dros_niti,O,NA,NA,NA,NA,Nitidulidae,NA,NA,NA,NA,NA,Qiagen Nondestructive,NA,NA,amplicon,COI,fwhF2-fwhR2n,NA,fwhf2T1-fwhR2nT1,NA,NA,NA,Miseq,NA,DADA2,NA,NA,NA,NA,NA,NA,NA,NA,NA,NA,NA,NA,NA,-20
fwhF2-fwhR2n-CM4_S16_R1_001,fwhF2-fwhR2n-CM4,fwhF2-fwhR2n-CM4,CM4,NA,2,1,FALSE,Metabarcoding,Dros_niti,O,NA,NA,NA,NA,Nitidulidae,NA,NA,NA,NA,NA,Qiagen Nondestructive,NA,NA,amplicon,COI,fwhF2-fwhR2n,NA,fwhf2T1-fwhR2nT1,NA,NA,NA,Miseq,NA,DADA2,NA,NA,NA,NA,NA,NA,NA,NA,NA,NA,NA,NA,NA,-20
fwhF2-fwhR2n-CM4_S16_R2_001,fwhF2-fwhR2n-CM4,fwhF2-fwhR2n-CM4,CM4,NA,2,1,FALSE,Metabarcoding,Dros_niti,O,NA,NA,NA,NA,Nitidulidae,NA,NA,NA,NA,NA,Qiagen Nondestructive,NA,NA,amplicon,COI,fwhF2-fwhR2n,NA,fwhf2T1-fwhR2nT1,NA,NA,NA,Miseq,NA,DADA2,NA,NA,NA,NA,NA,NA,NA,NA,NA,NA,NA,NA,NA,-20
fwhF2-fwhR2n-CM5_S17_R1_001,fwhF2-fwhR2n-CM5,fwhF2-fwhR2n-CM5,CM5,NA,2,1,FALSE,Metabarcoding,Dros_niti,O,NA,NA,NA,NA,Nitidulidae,NA,NA,NA,NA,NA,Qiagen Nondestructive,NA,NA,amplicon,COI,fwhF2-fwhR2n,NA,fwhf2T1-fwhR2nT1,NA,NA,NA,Miseq,NA,DADA2,NA,NA,NA,NA,NA,NA,NA,NA,NA,NA,NA,NA,NA,-20
fwhF2-fwhR2n-CM5_S17_R2_001,fwhF2-fwhR2n-CM5,fwhF2-fwhR2n-CM5,CM5,NA,2,1,FALSE,Metabarcoding,Dros_niti,O,NA,NA,NA,NA,Nitidulidae,NA,NA,NA,NA,NA,Qiagen Nondestructive,NA,NA,amplicon,COI,fwhF2-fwhR2n,NA,fwhf2T1-fwhR2nT1,NA,NA,NA,Miseq,NA,DADA2,NA,NA,NA,NA,NA,NA,NA,NA,NA,NA,NA,NA,NA,-20
fwhF2-fwhR2n-D100M1_S1_R1_001,fwhF2-fwhR2n-D100M1,fwhF2-fwhR2n-D100M1,D100M1,NA,2,1,FALSE,Metabarcoding,Dros_niti,O,NA,NA,NA,NA,Drosophilidae,NA,NA,NA,NA,NA,Qiagen Nondestructive,NA,NA,amplicon,COI,fwhF2-fwhR2n,NA,fwhf2T1-fwhR2nT1,NA,NA,NA,Miseq,NA,DADA2,NA,NA,NA,NA,NA,NA,NA,NA,NA,NA,NA,NA,NA,-20
fwhF2-fwhR2n-D100M1_S1_R2_001,fwhF2-fwhR2n-D100M1,fwhF2-fwhR2n-D100M1,D100M1,NA,2,1,FALSE,Metabarcoding,Dros_niti,O,NA,NA,NA,NA,Drosophilidae,NA,NA,NA,NA,NA,Qiagen Nondestructive,NA,NA,amplicon,COI,fwhF2-fwhR2n,NA,fwhf2T1-fwhR2nT1,NA,NA,NA,Miseq,NA,DADA2,NA,NA,NA,NA,NA,NA,NA,NA,NA,NA,NA,NA,NA,-20
fwhF2-fwhR2n-D100M2_S2_R1_001,fwhF2-fwhR2n-D100M2,fwhF2-fwhR2n-D100M2,D100M2,NA,2,1,FALSE,Metabarcoding,Dros_niti,O,NA,NA,NA,NA,Drosophilidae,NA,NA,NA,NA,NA,Qiagen Nondestructive,NA,NA,amplicon,COI,fwhF2-fwhR2n,NA,fwhf2T1-fwhR2nT1,NA,NA,NA,Miseq,NA,DADA2,NA,NA,NA,NA,NA,NA,NA,NA,NA,NA,NA,NA,NA,-20
fwhF2-fwhR2n-D100M2_S2_R2_001,fwhF2-fwhR2n-D100M2,fwhF2-fwhR2n-D100M2,D100M2,NA,2,1,FALSE,Metabarcoding,Dros_niti,O,NA,NA,NA,NA,Drosophilidae,NA,NA,NA,NA,NA,Qiagen Nondestructive,NA,NA,amplicon,COI,fwhF2-fwhR2n,NA,fwhf2T1-fwhR2nT1,NA,NA,NA,Miseq,NA,DADA2,NA,NA,NA,NA,NA,NA,NA,NA,NA,NA,NA,NA,NA,-20
fwhF2-fwhR2n-D100M3_S3_R1_001,fwhF2-fwhR2n-D100M3,fwhF2-fwhR2n-D100M3,D100M3,NA,2,1,FALSE,Metabarcoding,Dros_niti,O,NA,NA,NA,NA,Drosophilidae,NA,NA,NA,NA,NA,Qiagen Nondestructive,NA,NA,amplicon,COI,fwhF2-fwhR2n,NA,fwhf2T1-fwhR2nT1,NA,NA,NA,Miseq,NA,DADA2,NA,NA,NA,NA,NA,NA,NA,NA,NA,NA,NA,NA,NA,-20
fwhF2-fwhR2n-D100M3_S3_R2_001,fwhF2-fwhR2n-D100M3,fwhF2-fwhR2n-D100M3,D100M3,NA,2,1,FALSE,Metabarcoding,Dros_niti,O,NA,NA,NA,NA,Drosophilidae,NA,NA,NA,NA,NA,Qiagen Nondestructive,NA,NA,amplicon,COI,fwhF2-fwhR2n,NA,fwhf2T1-fwhR2nT1,NA,NA,NA,Miseq,NA,DADA2,NA,NA,NA,NA,NA,NA,NA,NA,NA,NA,NA,NA,NA,-20
fwhF2-fwhR2n-D100M4_S5_R1_001,fwhF2-fwhR2n-D100M4,fwhF2-fwhR2n-D100M4,D100M4,NA,2,1,FALSE,Metabarcoding,Dros_niti,O,NA,NA,NA,NA,Drosophilidae,NA,NA,NA,NA,NA,Qiagen Nondestructive,NA,NA,amplicon,COI,fwhF2-fwhR2n,NA,fwhf2T1-fwhR2nT1,NA,NA,NA,Miseq,NA,DADA2,NA,NA,NA,NA,NA,NA,NA,NA,NA,NA,NA,NA,NA,-20
fwhF2-fwhR2n-D100M4_S5_R2_001,fwhF2-fwhR2n-D100M4,fwhF2-fwhR2n-D100M4,D100M4,NA,2,1,FALSE,Metabarcoding,Dros_niti,O,NA,NA,NA,NA,Drosophilidae,NA,NA,NA,NA,NA,Qiagen Nondestructive,NA,NA,amplicon,COI,fwhF2-fwhR2n,NA,fwhf2T1-fwhR2nT1,NA,NA,NA,Miseq,NA,DADA2,NA,NA,NA,NA,NA,NA,NA,NA,NA,NA,NA,NA,NA,-20
fwhF2-fwhR2n-D100M5_S6_R1_001,fwhF2-fwhR2n-D100M5,fwhF2-fwhR2n-D100M5,D100M5,NA,2,1,FALSE,Metabarcoding,Dros_niti,O,NA,NA,NA,NA,Drosophilidae,NA,NA,NA,NA,NA,Qiagen Nondestructive,NA,NA,amplicon,COI,fwhF2-fwhR2n,NA,fwhf2T1-fwhR2nT1,NA,NA,NA,Miseq,NA,DADA2,NA,NA,NA,NA,NA,NA,NA,NA,NA,NA,NA,NA,NA,-20
fwhF2-fwhR2n-D100M5_S6_R2_001,fwhF2-fwhR2n-D100M5,fwhF2-fwhR2n-D100M5,D100M5,NA,2,1,FALSE,Metabarcoding,Dros_niti,O,NA,NA,NA,NA,Drosophilidae,NA,NA,NA,NA,NA,Qiagen Nondestructive,NA,NA,amplicon,COI,fwhF2-fwhR2n,NA,fwhf2T1-fwhR2nT1,NA,NA,NA,Miseq,NA,DADA2,NA,NA,NA,NA,NA,NA,NA,NA,NA,NA,NA,NA,NA,-20
fwhF2-fwhR2n-DM0-FF_S8_R1_001,fwhF2-fwhR2n-DM0-FF,fwhF2-fwhR2n-DM0FF,DM0FF,NA,2,1,FALSE,Metabarcoding,Dros_niti,O,NA,NA,NA,NA,Cherry,NA,NA,NA,NA,NA,Qiagen Nondestructive,NA,NA,amplicon,COI,fwhF2-fwhR2n,NA,fwhf2T1-fwhR2nT1,NA,NA,NA,Miseq,NA,DADA2,NA,NA,NA,NA,NA,NA,NA,NA,NA,NA,NA,NA,NA,-20
fwhF2-fwhR2n-DM0-FF_S8_R2_001,fwhF2-fwhR2n-DM0-FF,fwhF2-fwhR2n-DM0FF,DM0FF,NA,2,1,FALSE,Metabarcoding,Dros_niti,O,NA,NA,NA,NA,Cherry,NA,NA,NA,NA,NA,Qiagen Nondestructive,NA,NA,amplicon,COI,fwhF2-fwhR2n,NA,fwhf2T1-fwhR2nT1,NA,NA,NA,Miseq,NA,DADA2,NA,NA,NA,NA,NA,NA,NA,NA,NA,NA,NA,NA,NA,-20
fwhF2-fwhR2n-DM0Sach_S7_R1_001,fwhF2-fwhR2n-DM0Sach,fwhF2-fwhR2n-DM0Sach,DM0Sach,NA,2,1,FALSE,Metabarcoding,Dros_niti,O,NA,NA,NA,NA,Cherry,NA,NA,NA,NA,NA,Qiagen Nondestructive,NA,NA,amplicon,COI,fwhF2-fwhR2n,NA,fwhf2T1-fwhR2nT1,NA,NA,NA,Miseq,NA,DADA2,NA,NA,NA,NA,NA,NA,NA,NA,NA,NA,NA,NA,NA,-20
fwhF2-fwhR2n-DM0Sach_S7_R2_001,fwhF2-fwhR2n-DM0Sach,fwhF2-fwhR2n-DM0Sach,DM0Sach,NA,2,1,FALSE,Metabarcoding,Dros_niti,O,NA,NA,NA,NA,Cherry,NA,NA,NA,NA,NA,Qiagen Nondestructive,NA,NA,amplicon,COI,fwhF2-fwhR2n,NA,fwhf2T1-fwhR2nT1,NA,NA,NA,Miseq,NA,DADA2,NA,NA,NA,NA,NA,NA,NA,NA,NA,NA,NA,NA,NA,-20
fwhF2-fwhR2n-DM10-FF_S11_R1_001,fwhF2-fwhR2n-DM10-FF,fwhF2-fwhR2n-DM10FF,DM10FF,NA,2,1,FALSE,Metabarcoding,Dros_niti,O,NA,NA,NA,NA,Cherry,NA,NA,NA,NA,NA,Qiagen Nondestructive,NA,NA,amplicon,COI,fwhF2-fwhR2n,NA,fwhf2T1-fwhR2nT1,NA,NA,NA,Miseq,NA,DADA2,NA,NA,NA,NA,NA,NA,NA,NA,NA,NA,NA,NA,NA,-20
fwhF2-fwhR2n-DM10-FF_S11_R2_001,fwhF2-fwhR2n-DM10-FF,fwhF2-fwhR2n-DM10FF,DM10FF,NA,2,1,FALSE,Metabarcoding,Dros_niti,O,NA,NA,NA,NA,Cherry,NA,NA,NA,NA,NA,Qiagen Nondestructive,NA,NA,amplicon,COI,fwhF2-fwhR2n,NA,fwhf2T1-fwhR2nT1,NA,NA,NA,Miseq,NA,DADA2,NA,NA,NA,NA,NA,NA,NA,NA,NA,NA,NA,NA,NA,-20
fwhF2-fwhR2n-DM10-SPD_S10_R1_001,fwhF2-fwhR2n-DM10-SPD,fwhF2-fwhR2n-DM10SPD,DM10SPD,NA,2,1,FALSE,Metabarcoding,Dros_niti,O,NA,NA,NA,NA,Cherry,NA,NA,NA,NA,NA,Qiagen Nondestructive,NA,NA,amplicon,COI,fwhF2-fwhR2n,NA,fwhf2T1-fwhR2nT1,NA,NA,NA,Miseq,NA,DADA2,NA,NA,NA,NA,NA,NA,NA,NA,NA,NA,NA,NA,NA,-20
fwhF2-fwhR2n-DM10-SPD_S10_R2_001,fwhF2-fwhR2n-DM10-SPD,fwhF2-fwhR2n-DM10SPD,DM10SPD,NA,2,1,FALSE,Metabarcoding,Dros_niti,O,NA,NA,NA,NA,Cherry,NA,NA,NA,NA,NA,Qiagen Nondestructive,NA,NA,amplicon,COI,fwhF2-fwhR2n,NA,fwhf2T1-fwhR2nT1,NA,NA,NA,Miseq,NA,DADA2,NA,NA,NA,NA,NA,NA,NA,NA,NA,NA,NA,NA,NA,-20
fwhF2-fwhR2n-DM6-SPD_S9_R1_001,fwhF2-fwhR2n-DM6-SPD,fwhF2-fwhR2n-DM6SPD,DM6SPD,NA,2,1,FALSE,Metabarcoding,Dros_niti,O,NA,NA,NA,NA,Cherry,NA,NA,NA,NA,NA,Qiagen Nondestructive,NA,NA,amplicon,COI,fwhF2-fwhR2n,NA,fwhf2T1-fwhR2nT1,NA,NA,NA,Miseq,NA,DADA2,NA,NA,NA,NA,NA,NA,NA,NA,NA,NA,NA,NA,NA,-20
fwhF2-fwhR2n-DM6-SPD_S9_R2_001,fwhF2-fwhR2n-DM6-SPD,fwhF2-fwhR2n-DM6SPD,DM6SPD,NA,2,1,FALSE,Metabarcoding,Dros_niti,O,NA,NA,NA,NA,Cherry,NA,NA,NA,NA,NA,Qiagen Nondestructive,NA,NA,amplicon,COI,fwhF2-fwhR2n,NA,fwhf2T1-fwhR2nT1,NA,NA,NA,Miseq,NA,DADA2,NA,NA,NA,NA,NA,NA,NA,NA,NA,NA,NA,NA,NA,-20
fwhF2-fwhR2n-extblank1_S4_R1_001,fwhF2-fwhR2n-extblank1,fwhF2-fwhR2n-extblank1,extblank1,NA,2,1,FALSE,Metabarcoding,Dros_niti,O,NA,NA,NA,NA,extblank,NA,NA,NA,NA,NA,Qiagen Nondestructive,NA,NA,amplicon,COI,fwhF2-fwhR2n,NA,fwhf2T1-fwhR2nT1,NA,NA,NA,Miseq,NA,DADA2,NA,NA,NA,NA,NA,NA,NA,NA,NA,NA,NA,NA,NA,-20
fwhF2-fwhR2n-extblank1_S4_R2_001,fwhF2-fwhR2n-extblank1,fwhF2-fwhR2n-extblank1,extblank1,NA,2,1,FALSE,Metabarcoding,Dros_niti,O,NA,NA,NA,NA,extblank,NA,NA,NA,NA,NA,Qiagen Nondestructive,NA,NA,amplicon,COI,fwhF2-fwhR2n,NA,fwhf2T1-fwhR2nT1,NA,NA,NA,Miseq,NA,DADA2,NA,NA,NA,NA,NA,NA,NA,NA,NA,NA,NA,NA,NA,-20
fwhF2-fwhR2n-extblank2_S15_R1_001,fwhF2-fwhR2n-extblank2,fwhF2-fwhR2n-extblank2,extblank2,NA,2,1,FALSE,Metabarcoding,Dros_niti,O,NA,NA,NA,NA,extblank,NA,NA,NA,NA,NA,Qiagen Nondestructive,NA,NA,amplicon,COI,fwhF2-fwhR2n,NA,fwhf2T1-fwhR2nT1,NA,NA,NA,Miseq,NA,DADA2,NA,NA,NA,NA,NA,NA,NA,NA,NA,NA,NA,NA,NA,-20
fwhF2-fwhR2n-extblank2_S15_R2_001,fwhF2-fwhR2n-extblank2,fwhF2-fwhR2n-extblank2,extblank2,NA,2,1,FALSE,Metabarcoding,Dros_niti,O,NA,NA,NA,NA,extblank,NA,NA,NA,NA,NA,Qiagen Nondestructive,NA,NA,amplicon,COI,fwhF2-fwhR2n,NA,fwhf2T1-fwhR2nT1,NA,NA,NA,Miseq,NA,DADA2,NA,NA,NA,NA,NA,NA,NA,NA,NA,NA,NA,NA,NA,-20
fwhF2-fwhR2n-extblank3_S18_R1_001,fwhF2-fwhR2n-extblank3,fwhF2-fwhR2n-extblank3,extblank3,NA,2,1,FALSE,Metabarcoding,Dros_niti,O,NA,NA,NA,NA,extblank,NA,NA,NA,NA,NA,Qiagen Nondestructive,NA,NA,amplicon,COI,fwhF2-fwhR2n,NA,fwhf2T1-fwhR2nT1,NA,NA,NA,Miseq,NA,DADA2,NA,NA,NA,NA,NA,NA,NA,NA,NA,NA,NA,NA,NA,-20
fwhF2-fwhR2n-extblank3_S18_R2_001,fwhF2-fwhR2n-extblank3,fwhF2-fwhR2n-extblank3,extblank3,NA,2,1,FALSE,Metabarcoding,Dros_niti,O,NA,NA,NA,NA,extblank,NA,NA,NA,NA,NA,Qiagen Nondestructive,NA,NA,amplicon,COI,fwhF2-fwhR2n,NA,fwhf2T1-fwhR2nT1,NA,NA,NA,Miseq,NA,DADA2,NA,NA,NA,NA,NA,NA,NA,NA,NA,NA,NA,NA,NA,-20
fwhF2-fwhR2n-pcrblank1_S27_R1_001,fwhF2-fwhR2n-pcrblank1,fwhF2-fwhR2n-pcrblank1,pcrblank1,NA,2,1,FALSE,Metabarcoding,Dros_niti,O,NA,NA,NA,NA,pcrblank,NA,NA,NA,NA,NA,Qiagen Nondestructive,NA,NA,amplicon,COI,fwhF2-fwhR2n,NA,fwhf2T1-fwhR2nT1,NA,NA,NA,Miseq,NA,DADA2,NA,NA,NA,NA,NA,NA,NA,NA,NA,NA,NA,NA,NA,-20
fwhF2-fwhR2n-pcrblank1_S27_R2_001,fwhF2-fwhR2n-pcrblank1,fwhF2-fwhR2n-pcrblank1,pcrblank1,NA,2,1,FALSE,Metabarcoding,Dros_niti,O,NA,NA,NA,NA,pcrblank,NA,NA,NA,NA,NA,Qiagen Nondestructive,NA,NA,amplicon,COI,fwhF2-fwhR2n,NA,fwhf2T1-fwhR2nT1,NA,NA,NA,Miseq,NA,DADA2,NA,NA,NA,NA,NA,NA,NA,NA,NA,NA,NA,NA,NA,-20
fwhF2-fwhR2n-pcrblank2_S28_R1_001,fwhF2-fwhR2n-pcrblank2,fwhF2-fwhR2n-pcrblank2,pcrblank2,NA,2,1,FALSE,Metabarcoding,Dros_niti,O,NA,NA,NA,NA,pcrblank,NA,NA,NA,NA,NA,Qiagen Nondestructive,NA,NA,amplicon,COI,fwhF2-fwhR2n,NA,fwhf2T1-fwhR2nT1,NA,NA,NA,Miseq,NA,DADA2,NA,NA,NA,NA,NA,NA,NA,NA,NA,NA,NA,NA,NA,-20
fwhF2-fwhR2n-pcrblank2_S28_R2_001,fwhF2-fwhR2n-pcrblank2,fwhF2-fwhR2n-pcrblank2,pcrblank2,NA,2,1,FALSE,Metabarcoding,Dros_niti,O,NA,NA,NA,NA,pcrblank,NA,NA,NA,NA,NA,Qiagen Nondestructive,NA,NA,amplicon,COI,fwhF2-fwhR2n,NA,fwhf2T1-fwhR2nT1,NA,NA,NA,Miseq,NA,DADA2,NA,NA,NA,NA,NA,NA,NA,NA,NA,NA,NA,NA,NA,-20
BLANK3-DL1_S7_R1_001,BLANK3-DL1,BLANK3-DL1,BLANK3-DL1,NA,3,1,FALSE,Metabarcoding,Dros_niti,O,NA,NA,NA,NA,extblank,NA,NA,NA,NA,NA,Qiagen Nondestructive,NA,NA,amplicon,,fwhF2-fwhR2n,NA,fwhf2T1-fwhR2nT1,NA,NA,NA,Miseq,NA,DADA2,NA,NA,NA,NA,NA,NA,NA,NA,NA,NA,NA,NA,NA,-20
BLANK3-DL1_S7_R2_001,BLANK3-DL1,BLANK3-DL1,BLANK3-DL1,NA,3,1,FALSE,Metabarcoding,Dros_niti,O,NA,NA,NA,NA,extblank,NA,NA,NA,NA,NA,Qiagen Nondestructive,NA,NA,amplicon,,fwhF2-fwhR2n,NA,fwhf2T1-fwhR2nT1,NA,NA,NA,Miseq,NA,DADA2,NA,NA,NA,NA,NA,NA,NA,NA,NA,NA,NA,NA,NA,-20
BLANK3-DL2_S15_R1_001,BLANK3-DL2,BLANK3-DL2,BLANK3-DL2,NA,3,1,FALSE,Metabarcoding,Dros_niti,O,NA,NA,NA,NA,extblank,NA,NA,NA,NA,NA,Qiagen Nondestructive,NA,NA,amplicon,,fwhF2-fwhR2n,NA,fwhf2T1-fwhR2nT1,NA,NA,NA,Miseq,NA,DADA2,NA,NA,NA,NA,NA,NA,NA,NA,NA,NA,NA,NA,NA,-20
BLANK3-DL2_S15_R2_001,BLANK3-DL2,BLANK3-DL2,BLANK3-DL2,NA,3,1,FALSE,Metabarcoding,Dros_niti,O,NA,NA,NA,NA,extblank,NA,NA,NA,NA,NA,Qiagen Nondestructive,NA,NA,amplicon,,fwhF2-fwhR2n,NA,fwhf2T1-fwhR2nT1,NA,NA,NA,Miseq,NA,DADA2,NA,NA,NA,NA,NA,NA,NA,NA,NA,NA,NA,NA,NA,-20
BLANK3-DL3_S23_R1_001,BLANK3-DL3,BLANK3-DL3,BLANK3-DL3,NA,3,1,FALSE,Metabarcoding,Dros_niti,O,NA,NA,NA,NA,extblank,NA,NA,NA,NA,NA,Qiagen Nondestructive,NA,NA,amplicon,,fwhF2-fwhR2n,NA,fwhf2T1-fwhR2nT1,NA,NA,NA,Miseq,NA,DADA2,NA,NA,NA,NA,NA,NA,NA,NA,NA,NA,NA,NA,NA,-20
BLANK3-DL3_S23_R2_001,BLANK3-DL3,BLANK3-DL3,BLANK3-DL3,NA,3,1,FALSE,Metabarcoding,Dros_niti,O,NA,NA,NA,NA,extblank,NA,NA,NA,NA,NA,Qiagen Nondestructive,NA,NA,amplicon,,fwhF2-fwhR2n,NA,fwhf2T1-fwhR2nT1,NA,NA,NA,Miseq,NA,DADA2,NA,NA,NA,NA,NA,NA,NA,NA,NA,NA,NA,NA,NA,-20
BLANK3-DL4_S31_R1_001,BLANK3-DL4,BLANK3-DL4,BLANK3-DL4,NA,3,1,FALSE,Metabarcoding,Dros_niti,O,NA,NA,NA,NA,extblank,NA,NA,NA,NA,NA,Qiagen Nondestructive,NA,NA,amplicon,,fwhF2-fwhR2n,NA,fwhf2T1-fwhR2nT1,NA,NA,NA,Miseq,NA,DADA2,NA,NA,NA,NA,NA,NA,NA,NA,NA,NA,NA,NA,NA,-20
BLANK3-DL4_S31_R2_001,BLANK3-DL4,BLANK3-DL4,BLANK3-DL4,NA,3,1,FALSE,Metabarcoding,Dros_niti,O,NA,NA,NA,NA,extblank,NA,NA,NA,NA,NA,Qiagen Nondestructive,NA,NA,amplicon,,fwhF2-fwhR2n,NA,fwhf2T1-fwhR2nT1,NA,NA,NA,Miseq,NA,DADA2,NA,NA,NA,NA,NA,NA,NA,NA,NA,NA,NA,NA,NA,-20
BLANK3-DL5_S39_R1_001,BLANK3-DL5,BLANK3-DL5,BLANK3-DL5,NA,3,1,FALSE,Metabarcoding,Dros_niti,O,NA,NA,NA,NA,extblank,NA,NA,NA,NA,NA,Qiagen Nondestructive,NA,NA,amplicon,,fwhF2-fwhR2n,NA,fwhf2T1-fwhR2nT1,NA,NA,NA,Miseq,NA,DADA2,NA,NA,NA,NA,NA,NA,NA,NA,NA,NA,NA,NA,NA,-20
BLANK3-DL5_S39_R2_001,BLANK3-DL5,BLANK3-DL5,BLANK3-DL5,NA,3,1,FALSE,Metabarcoding,Dros_niti,O,NA,NA,NA,NA,extblank,NA,NA,NA,NA,NA,Qiagen Nondestructive,NA,NA,amplicon,,fwhF2-fwhR2n,NA,fwhf2T1-fwhR2nT1,NA,NA,NA,Miseq,NA,DADA2,NA,NA,NA,NA,NA,NA,NA,NA,NA,NA,NA,NA,NA,-20
BLANK3-DL6_S47_R1_001,BLANK3-DL6,BLANK3-DL6,BLANK3-DL6,NA,3,1,FALSE,Metabarcoding,Dros_niti,O,NA,NA,NA,NA,extblank,NA,NA,NA,NA,NA,Qiagen Nondestructive,NA,NA,amplicon,,fwhF2-fwhR2n,NA,fwhf2T1-fwhR2nT1,NA,NA,NA,Miseq,NA,DADA2,NA,NA,NA,NA,NA,NA,NA,NA,NA,NA,NA,NA,NA,-20
BLANK3-DL6_S47_R2_001,BLANK3-DL6,BLANK3-DL6,BLANK3-DL6,NA,3,1,FALSE,Metabarcoding,Dros_niti,O,NA,NA,NA,NA,extblank,NA,NA,NA,NA,NA,Qiagen Nondestructive,NA,NA,amplicon,,fwhF2-fwhR2n,NA,fwhf2T1-fwhR2nT1,NA,NA,NA,Miseq,NA,DADA2,NA,NA,NA,NA,NA,NA,NA,NA,NA,NA,NA,NA,NA,-20
BLANK4-CL1_S50_R1_001,BLANK4-CL1,BLANK4-CL1,BLANK4-CL1,NA,3,1,FALSE,Metabarcoding,Dros_niti,O,NA,NA,NA,NA,extblank,NA,NA,NA,NA,NA,Qiagen Nondestructive,NA,NA,amplicon,,fwhF2-fwhR2n,NA,fwhf2T1-fwhR2nT1,NA,NA,NA,Miseq,NA,DADA2,NA,NA,NA,NA,NA,NA,NA,NA,NA,NA,NA,NA,NA,-20
BLANK4-CL1_S50_R2_001,BLANK4-CL1,BLANK4-CL1,BLANK4-CL1,NA,3,1,FALSE,Metabarcoding,Dros_niti,O,NA,NA,NA,NA,extblank,NA,NA,NA,NA,NA,Qiagen Nondestructive,NA,NA,amplicon,,fwhF2-fwhR2n,NA,fwhf2T1-fwhR2nT1,NA,NA,NA,Miseq,NA,DADA2,NA,NA,NA,NA,NA,NA,NA,NA,NA,NA,NA,NA,NA,-20
BLANK4-CL2_S58_R1_001,BLANK4-CL2,BLANK4-CL2,BLANK4-CL2,NA,3,1,FALSE,Metabarcoding,Dros_niti,O,NA,NA,NA,NA,extblank,NA,NA,NA,NA,NA,Qiagen Nondestructive,NA,NA,amplicon,,fwhF2-fwhR2n,NA,fwhf2T1-fwhR2nT1,NA,NA,NA,Miseq,NA,DADA2,NA,NA,NA,NA,NA,NA,NA,NA,NA,NA,NA,NA,NA,-20
BLANK4-CL2_S58_R2_001,BLANK4-CL2,BLANK4-CL2,BLANK4-CL2,NA,3,1,FALSE,Metabarcoding,Dros_niti,O,NA,NA,NA,NA,extblank,NA,NA,NA,NA,NA,Qiagen Nondestructive,NA,NA,amplicon,,fwhF2-fwhR2n,NA,fwhf2T1-fwhR2nT1,NA,NA,NA,Miseq,NA,DADA2,NA,NA,NA,NA,NA,NA,NA,NA,NA,NA,NA,NA,NA,-20
BLANK4-CL3_S66_R1_001,BLANK4-CL3,BLANK4-CL3,BLANK4-CL3,NA,3,1,FALSE,Metabarcoding,Dros_niti,O,NA,NA,NA,NA,extblank,NA,NA,NA,NA,NA,Qiagen Nondestructive,NA,NA,amplicon,,fwhF2-fwhR2n,NA,fwhf2T1-fwhR2nT1,NA,NA,NA,Miseq,NA,DADA2,NA,NA,NA,NA,NA,NA,NA,NA,NA,NA,NA,NA,NA,-20
BLANK4-CL3_S66_R2_001,BLANK4-CL3,BLANK4-CL3,BLANK4-CL3,NA,3,1,FALSE,Metabarcoding,Dros_niti,O,NA,NA,NA,NA,extblank,NA,NA,NA,NA,NA,Qiagen Nondestructive,NA,NA,amplicon,,fwhF2-fwhR2n,NA,fwhf2T1-fwhR2nT1,NA,NA,NA,Miseq,NA,DADA2,NA,NA,NA,NA,NA,NA,NA,NA,NA,NA,NA,NA,NA,-20
BLANK4-CL4_S74_R1_001,BLANK4-CL4,BLANK4-CL4,BLANK4-CL4,NA,3,1,FALSE,Metabarcoding,Dros_niti,O,NA,NA,NA,NA,extblank,NA,NA,NA,NA,NA,Qiagen Nondestructive,NA,NA,amplicon,,fwhF2-fwhR2n,NA,fwhf2T1-fwhR2nT1,NA,NA,NA,Miseq,NA,DADA2,NA,NA,NA,NA,NA,NA,NA,NA,NA,NA,NA,NA,NA,-20
BLANK4-CL4_S74_R2_001,BLANK4-CL4,BLANK4-CL4,BLANK4-CL4,NA,3,1,FALSE,Metabarcoding,Dros_niti,O,NA,NA,NA,NA,extblank,NA,NA,NA,NA,NA,Qiagen Nondestructive,NA,NA,amplicon,,fwhF2-fwhR2n,NA,fwhf2T1-fwhR2nT1,NA,NA,NA,Miseq,NA,DADA2,NA,NA,NA,NA,NA,NA,NA,NA,NA,NA,NA,NA,NA,-20
BLANK4-CL5_S82_R1_001,BLANK4-CL5,BLANK4-CL5,BLANK4-CL5,NA,3,1,FALSE,Metabarcoding,Dros_niti,O,NA,NA,NA,NA,extblank,NA,NA,NA,NA,NA,Qiagen Nondestructive,NA,NA,amplicon,,fwhF2-fwhR2n,NA,fwhf2T1-fwhR2nT1,NA,NA,NA,Miseq,NA,DADA2,NA,NA,NA,NA,NA,NA,NA,NA,NA,NA,NA,NA,NA,-20
BLANK4-CL5_S82_R2_001,BLANK4-CL5,BLANK4-CL5,BLANK4-CL5,NA,3,1,FALSE,Metabarcoding,Dros_niti,O,NA,NA,NA,NA,extblank,NA,NA,NA,NA,NA,Qiagen Nondestructive,NA,NA,amplicon,,fwhF2-fwhR2n,NA,fwhf2T1-fwhR2nT1,NA,NA,NA,Miseq,NA,DADA2,NA,NA,NA,NA,NA,NA,NA,NA,NA,NA,NA,NA,NA,-20
BLANK4-CL6_S90_R1_001,BLANK4-CL6,BLANK4-CL6,BLANK4-CL6,NA,3,1,FALSE,Metabarcoding,Dros_niti,O,NA,NA,NA,NA,extblank,NA,NA,NA,NA,NA,Qiagen Nondestructive,NA,NA,amplicon,,fwhF2-fwhR2n,NA,fwhf2T1-fwhR2nT1,NA,NA,NA,Miseq,NA,DADA2,NA,NA,NA,NA,NA,NA,NA,NA,NA,NA,NA,NA,NA,-20
BLANK4-CL6_S90_R2_001,BLANK4-CL6,BLANK4-CL6,BLANK4-CL6,NA,3,1,FALSE,Metabarcoding,Dros_niti,O,NA,NA,NA,NA,extblank,NA,NA,NA,NA,NA,Qiagen Nondestructive,NA,NA,amplicon,,fwhF2-fwhR2n,NA,fwhf2T1-fwhR2nT1,NA,NA,NA,Miseq,NA,DADA2,NA,NA,NA,NA,NA,NA,NA,NA,NA,NA,NA,NA,NA,-20
CM1-1in10-CL1_S49_R1_001,CM1-1in10-CL1,CM1-1in10-CL1,CM1-1in10-CL1,NA,3,1,FALSE,Metabarcoding,Dros_niti,O,NA,NA,NA,NA,Nitidulidae,NA,NA,NA,NA,NA,Qiagen Nondestructive,NA,NA,amplicon,,fwhF2-fwhR2n,NA,fwhf2T1-fwhR2nT1,NA,NA,NA,Miseq,NA,DADA2,NA,NA,NA,NA,NA,NA,NA,NA,NA,NA,NA,NA,NA,-20
CM1-1in10-CL1_S49_R2_001,CM1-1in10-CL1,CM1-1in10-CL1,CM1-1in10-CL1,NA,3,1,FALSE,Metabarcoding,Dros_niti,O,NA,NA,NA,NA,Nitidulidae,NA,NA,NA,NA,NA,Qiagen Nondestructive,NA,NA,amplicon,,fwhF2-fwhR2n,NA,fwhf2T1-fwhR2nT1,NA,NA,NA,Miseq,NA,DADA2,NA,NA,NA,NA,NA,NA,NA,NA,NA,NA,NA,NA,NA,-20
CM1-1in10-CL2_S57_R1_001,CM1-1in10-CL2,CM1-1in10-CL2,CM1-1in10-CL2,NA,3,1,FALSE,Metabarcoding,Dros_niti,O,NA,NA,NA,NA,Nitidulidae,NA,NA,NA,NA,NA,Qiagen Nondestructive,NA,NA,amplicon,,fwhF2-fwhR2n,NA,fwhf2T1-fwhR2nT1,NA,NA,NA,Miseq,NA,DADA2,NA,NA,NA,NA,NA,NA,NA,NA,NA,NA,NA,NA,NA,-20
CM1-1in10-CL2_S57_R2_001,CM1-1in10-CL2,CM1-1in10-CL2,CM1-1in10-CL2,NA,3,1,FALSE,Metabarcoding,Dros_niti,O,NA,NA,NA,NA,Nitidulidae,NA,NA,NA,NA,NA,Qiagen Nondestructive,NA,NA,amplicon,,fwhF2-fwhR2n,NA,fwhf2T1-fwhR2nT1,NA,NA,NA,Miseq,NA,DADA2,NA,NA,NA,NA,NA,NA,NA,NA,NA,NA,NA,NA,NA,-20
CM1-1in10-CL3_S65_R1_001,CM1-1in10-CL3,CM1-1in10-CL3,CM1-1in10-CL3,NA,3,1,FALSE,Metabarcoding,Dros_niti,O,NA,NA,NA,NA,Nitidulidae,NA,NA,NA,NA,NA,Qiagen Nondestructive,NA,NA,amplicon,,fwhF2-fwhR2n,NA,fwhf2T1-fwhR2nT1,NA,NA,NA,Miseq,NA,DADA2,NA,NA,NA,NA,NA,NA,NA,NA,NA,NA,NA,NA,NA,-20
CM1-1in10-CL3_S65_R2_001,CM1-1in10-CL3,CM1-1in10-CL3,CM1-1in10-CL3,NA,3,1,FALSE,Metabarcoding,Dros_niti,O,NA,NA,NA,NA,Nitidulidae,NA,NA,NA,NA,NA,Qiagen Nondestructive,NA,NA,amplicon,,fwhF2-fwhR2n,NA,fwhf2T1-fwhR2nT1,NA,NA,NA,Miseq,NA,DADA2,NA,NA,NA,NA,NA,NA,NA,NA,NA,NA,NA,NA,NA,-20
CM1-1in10-CL4_S73_R1_001,CM1-1in10-CL4,CM1-1in10-CL4,CM1-1in10-CL4,NA,3,1,FALSE,Metabarcoding,Dros_niti,O,NA,NA,NA,NA,Nitidulidae,NA,NA,NA,NA,NA,Qiagen Nondestructive,NA,NA,amplicon,,fwhF2-fwhR2n,NA,fwhf2T1-fwhR2nT1,NA,NA,NA,Miseq,NA,DADA2,NA,NA,NA,NA,NA,NA,NA,NA,NA,NA,NA,NA,NA,-20
CM1-1in10-CL4_S73_R2_001,CM1-1in10-CL4,CM1-1in10-CL4,CM1-1in10-CL4,NA,3,1,FALSE,Metabarcoding,Dros_niti,O,NA,NA,NA,NA,Nitidulidae,NA,NA,NA,NA,NA,Qiagen Nondestructive,NA,NA,amplicon,,fwhF2-fwhR2n,NA,fwhf2T1-fwhR2nT1,NA,NA,NA,Miseq,NA,DADA2,NA,NA,NA,NA,NA,NA,NA,NA,NA,NA,NA,NA,NA,-20
CM1-1in10-CL5_S81_R1_001,CM1-1in10-CL5,CM1-1in10-CL5,CM1-1in10-CL5,NA,3,1,FALSE,Metabarcoding,Dros_niti,O,NA,NA,NA,NA,Nitidulidae,NA,NA,NA,NA,NA,Qiagen Nondestructive,NA,NA,amplicon,,fwhF2-fwhR2n,NA,fwhf2T1-fwhR2nT1,NA,NA,NA,Miseq,NA,DADA2,NA,NA,NA,NA,NA,NA,NA,NA,NA,NA,NA,NA,NA,-20
CM1-1in10-CL5_S81_R2_001,CM1-1in10-CL5,CM1-1in10-CL5,CM1-1in10-CL5,NA,3,1,FALSE,Metabarcoding,Dros_niti,O,NA,NA,NA,NA,Nitidulidae,NA,NA,NA,NA,NA,Qiagen Nondestructive,NA,NA,amplicon,,fwhF2-fwhR2n,NA,fwhf2T1-fwhR2nT1,NA,NA,NA,Miseq,NA,DADA2,NA,NA,NA,NA,NA,NA,NA,NA,NA,NA,NA,NA,NA,-20
CM1-1in10-CL6_S89_R1_001,CM1-1in10-CL6,CM1-1in10-CL6,CM1-1in10-CL6,NA,3,1,FALSE,Metabarcoding,Dros_niti,O,NA,NA,NA,NA,Nitidulidae,NA,NA,NA,NA,NA,Qiagen Nondestructive,NA,NA,amplicon,,fwhF2-fwhR2n,NA,fwhf2T1-fwhR2nT1,NA,NA,NA,Miseq,NA,DADA2,NA,NA,NA,NA,NA,NA,NA,NA,NA,NA,NA,NA,NA,-20
CM1-1in10-CL6_S89_R2_001,CM1-1in10-CL6,CM1-1in10-CL6,CM1-1in10-CL6,NA,3,1,FALSE,Metabarcoding,Dros_niti,O,NA,NA,NA,NA,Nitidulidae,NA,NA,NA,NA,NA,Qiagen Nondestructive,NA,NA,amplicon,,fwhF2-fwhR2n,NA,fwhf2T1-fwhR2nT1,NA,NA,NA,Miseq,NA,DADA2,NA,NA,NA,NA,NA,NA,NA,NA,NA,NA,NA,NA,NA,-20
CM2-1in10-CL1_S51_R1_001,CM2-1in10-CL1,CM2-1in10-CL1,CM2-1in10-CL1,NA,3,1,FALSE,Metabarcoding,Dros_niti,O,NA,NA,NA,NA,Nitidulidae,NA,NA,NA,NA,NA,Qiagen Nondestructive,NA,NA,amplicon,,fwhF2-fwhR2n,NA,fwhf2T1-fwhR2nT1,NA,NA,NA,Miseq,NA,DADA2,NA,NA,NA,NA,NA,NA,NA,NA,NA,NA,NA,NA,NA,-20
CM2-1in10-CL1_S51_R2_001,CM2-1in10-CL1,CM2-1in10-CL1,CM2-1in10-CL1,NA,3,1,FALSE,Metabarcoding,Dros_niti,O,NA,NA,NA,NA,Nitidulidae,NA,NA,NA,NA,NA,Qiagen Nondestructive,NA,NA,amplicon,,fwhF2-fwhR2n,NA,fwhf2T1-fwhR2nT1,NA,NA,NA,Miseq,NA,DADA2,NA,NA,NA,NA,NA,NA,NA,NA,NA,NA,NA,NA,NA,-20
CM2-1in10-CL2_S59_R1_001,CM2-1in10-CL2,CM2-1in10-CL2,CM2-1in10-CL2,NA,3,1,FALSE,Metabarcoding,Dros_niti,O,NA,NA,NA,NA,Nitidulidae,NA,NA,NA,NA,NA,Qiagen Nondestructive,NA,NA,amplicon,,fwhF2-fwhR2n,NA,fwhf2T1-fwhR2nT1,NA,NA,NA,Miseq,NA,DADA2,NA,NA,NA,NA,NA,NA,NA,NA,NA,NA,NA,NA,NA,-20
CM2-1in10-CL2_S59_R2_001,CM2-1in10-CL2,CM2-1in10-CL2,CM2-1in10-CL2,NA,3,1,FALSE,Metabarcoding,Dros_niti,O,NA,NA,NA,NA,Nitidulidae,NA,NA,NA,NA,NA,Qiagen Nondestructive,NA,NA,amplicon,,fwhF2-fwhR2n,NA,fwhf2T1-fwhR2nT1,NA,NA,NA,Miseq,NA,DADA2,NA,NA,NA,NA,NA,NA,NA,NA,NA,NA,NA,NA,NA,-20
CM2-1in10-CL3_S67_R1_001,CM2-1in10-CL3,CM2-1in10-CL3,CM2-1in10-CL3,NA,3,1,FALSE,Metabarcoding,Dros_niti,O,NA,NA,NA,NA,Nitidulidae,NA,NA,NA,NA,NA,Qiagen Nondestructive,NA,NA,amplicon,,fwhF2-fwhR2n,NA,fwhf2T1-fwhR2nT1,NA,NA,NA,Miseq,NA,DADA2,NA,NA,NA,NA,NA,NA,NA,NA,NA,NA,NA,NA,NA,-20
CM2-1in10-CL3_S67_R2_001,CM2-1in10-CL3,CM2-1in10-CL3,CM2-1in10-CL3,NA,3,1,FALSE,Metabarcoding,Dros_niti,O,NA,NA,NA,NA,Nitidulidae,NA,NA,NA,NA,NA,Qiagen Nondestructive,NA,NA,amplicon,,fwhF2-fwhR2n,NA,fwhf2T1-fwhR2nT1,NA,NA,NA,Miseq,NA,DADA2,NA,NA,NA,NA,NA,NA,NA,NA,NA,NA,NA,NA,NA,-20
CM2-1in10-CL4_S75_R1_001,CM2-1in10-CL4,CM2-1in10-CL4,CM2-1in10-CL4,NA,3,1,FALSE,Metabarcoding,Dros_niti,O,NA,NA,NA,NA,Nitidulidae,NA,NA,NA,NA,NA,Qiagen Nondestructive,NA,NA,amplicon,,fwhF2-fwhR2n,NA,fwhf2T1-fwhR2nT1,NA,NA,NA,Miseq,NA,DADA2,NA,NA,NA,NA,NA,NA,NA,NA,NA,NA,NA,NA,NA,-20
CM2-1in10-CL4_S75_R2_001,CM2-1in10-CL4,CM2-1in10-CL4,CM2-1in10-CL4,NA,3,1,FALSE,Metabarcoding,Dros_niti,O,NA,NA,NA,NA,Nitidulidae,NA,NA,NA,NA,NA,Qiagen Nondestructive,NA,NA,amplicon,,fwhF2-fwhR2n,NA,fwhf2T1-fwhR2nT1,NA,NA,NA,Miseq,NA,DADA2,NA,NA,NA,NA,NA,NA,NA,NA,NA,NA,NA,NA,NA,-20
CM2-1in10-CL5_S83_R1_001,CM2-1in10-CL5,CM2-1in10-CL5,CM2-1in10-CL5,NA,3,1,FALSE,Metabarcoding,Dros_niti,O,NA,NA,NA,NA,Nitidulidae,NA,NA,NA,NA,NA,Qiagen Nondestructive,NA,NA,amplicon,,fwhF2-fwhR2n,NA,fwhf2T1-fwhR2nT1,NA,NA,NA,Miseq,NA,DADA2,NA,NA,NA,NA,NA,NA,NA,NA,NA,NA,NA,NA,NA,-20
CM2-1in10-CL5_S83_R2_001,CM2-1in10-CL5,CM2-1in10-CL5,CM2-1in10-CL5,NA,3,1,FALSE,Metabarcoding,Dros_niti,O,NA,NA,NA,NA,Nitidulidae,NA,NA,NA,NA,NA,Qiagen Nondestructive,NA,NA,amplicon,,fwhF2-fwhR2n,NA,fwhf2T1-fwhR2nT1,NA,NA,NA,Miseq,NA,DADA2,NA,NA,NA,NA,NA,NA,NA,NA,NA,NA,NA,NA,NA,-20
CM2-1in10-CL6_S91_R1_001,CM2-1in10-CL6,CM2-1in10-CL6,CM2-1in10-CL6,NA,3,1,FALSE,Metabarcoding,Dros_niti,O,NA,NA,NA,NA,Nitidulidae,NA,NA,NA,NA,NA,Qiagen Nondestructive,NA,NA,amplicon,,fwhF2-fwhR2n,NA,fwhf2T1-fwhR2nT1,NA,NA,NA,Miseq,NA,DADA2,NA,NA,NA,NA,NA,NA,NA,NA,NA,NA,NA,NA,NA,-20
CM2-1in10-CL6_S91_R2_001,CM2-1in10-CL6,CM2-1in10-CL6,CM2-1in10-CL6,NA,3,1,FALSE,Metabarcoding,Dros_niti,O,NA,NA,NA,NA,Nitidulidae,NA,NA,NA,NA,NA,Qiagen Nondestructive,NA,NA,amplicon,,fwhF2-fwhR2n,NA,fwhf2T1-fwhR2nT1,NA,NA,NA,Miseq,NA,DADA2,NA,NA,NA,NA,NA,NA,NA,NA,NA,NA,NA,NA,NA,-20
CM3-1in10-CL1_S52_R1_001,CM3-1in10-CL1,CM3-1in10-CL1,CM3-1in10-CL1,NA,3,1,FALSE,Metabarcoding,Dros_niti,O,NA,NA,NA,NA,Nitidulidae,NA,NA,NA,NA,NA,Qiagen Nondestructive,NA,NA,amplicon,,fwhF2-fwhR2n,NA,fwhf2T1-fwhR2nT1,NA,NA,NA,Miseq,NA,DADA2,NA,NA,NA,NA,NA,NA,NA,NA,NA,NA,NA,NA,NA,-20
CM3-1in10-CL1_S52_R2_001,CM3-1in10-CL1,CM3-1in10-CL1,CM3-1in10-CL1,NA,3,1,FALSE,Metabarcoding,Dros_niti,O,NA,NA,NA,NA,Nitidulidae,NA,NA,NA,NA,NA,Qiagen Nondestructive,NA,NA,amplicon,,fwhF2-fwhR2n,NA,fwhf2T1-fwhR2nT1,NA,NA,NA,Miseq,NA,DADA2,NA,NA,NA,NA,NA,NA,NA,NA,NA,NA,NA,NA,NA,-20
CM3-1in10-CL2_S60_R1_001,CM3-1in10-CL2,CM3-1in10-CL2,CM3-1in10-CL2,NA,3,1,FALSE,Metabarcoding,Dros_niti,O,NA,NA,NA,NA,Nitidulidae,NA,NA,NA,NA,NA,Qiagen Nondestructive,NA,NA,amplicon,,fwhF2-fwhR2n,NA,fwhf2T1-fwhR2nT1,NA,NA,NA,Miseq,NA,DADA2,NA,NA,NA,NA,NA,NA,NA,NA,NA,NA,NA,NA,NA,-20
CM3-1in10-CL2_S60_R2_001,CM3-1in10-CL2,CM3-1in10-CL2,CM3-1in10-CL2,NA,3,1,FALSE,Metabarcoding,Dros_niti,O,NA,NA,NA,NA,Nitidulidae,NA,NA,NA,NA,NA,Qiagen Nondestructive,NA,NA,amplicon,,fwhF2-fwhR2n,NA,fwhf2T1-fwhR2nT1,NA,NA,NA,Miseq,NA,DADA2,NA,NA,NA,NA,NA,NA,NA,NA,NA,NA,NA,NA,NA,-20
CM3-1in10-CL3_S68_R1_001,CM3-1in10-CL3,CM3-1in10-CL3,CM3-1in10-CL3,NA,3,1,FALSE,Metabarcoding,Dros_niti,O,NA,NA,NA,NA,Nitidulidae,NA,NA,NA,NA,NA,Qiagen Nondestructive,NA,NA,amplicon,,fwhF2-fwhR2n,NA,fwhf2T1-fwhR2nT1,NA,NA,NA,Miseq,NA,DADA2,NA,NA,NA,NA,NA,NA,NA,NA,NA,NA,NA,NA,NA,-20
CM3-1in10-CL3_S68_R2_001,CM3-1in10-CL3,CM3-1in10-CL3,CM3-1in10-CL3,NA,3,1,FALSE,Metabarcoding,Dros_niti,O,NA,NA,NA,NA,Nitidulidae,NA,NA,NA,NA,NA,Qiagen Nondestructive,NA,NA,amplicon,,fwhF2-fwhR2n,NA,fwhf2T1-fwhR2nT1,NA,NA,NA,Miseq,NA,DADA2,NA,NA,NA,NA,NA,NA,NA,NA,NA,NA,NA,NA,NA,-20
CM3-1in10-CL4_S76_R1_001,CM3-1in10-CL4,CM3-1in10-CL4,CM3-1in10-CL4,NA,3,1,FALSE,Metabarcoding,Dros_niti,O,NA,NA,NA,NA,Nitidulidae,NA,NA,NA,NA,NA,Qiagen Nondestructive,NA,NA,amplicon,,fwhF2-fwhR2n,NA,fwhf2T1-fwhR2nT1,NA,NA,NA,Miseq,NA,DADA2,NA,NA,NA,NA,NA,NA,NA,NA,NA,NA,NA,NA,NA,-20
CM3-1in10-CL4_S76_R2_001,CM3-1in10-CL4,CM3-1in10-CL4,CM3-1in10-CL4,NA,3,1,FALSE,Metabarcoding,Dros_niti,O,NA,NA,NA,NA,Nitidulidae,NA,NA,NA,NA,NA,Qiagen Nondestructive,NA,NA,amplicon,,fwhF2-fwhR2n,NA,fwhf2T1-fwhR2nT1,NA,NA,NA,Miseq,NA,DADA2,NA,NA,NA,NA,NA,NA,NA,NA,NA,NA,NA,NA,NA,-20
CM3-1in10-CL5_S84_R1_001,CM3-1in10-CL5,CM3-1in10-CL5,CM3-1in10-CL5,NA,3,1,FALSE,Metabarcoding,Dros_niti,O,NA,NA,NA,NA,Nitidulidae,NA,NA,NA,NA,NA,Qiagen Nondestructive,NA,NA,amplicon,,fwhF2-fwhR2n,NA,fwhf2T1-fwhR2nT1,NA,NA,NA,Miseq,NA,DADA2,NA,NA,NA,NA,NA,NA,NA,NA,NA,NA,NA,NA,NA,-20
CM3-1in10-CL5_S84_R2_001,CM3-1in10-CL5,CM3-1in10-CL5,CM3-1in10-CL5,NA,3,1,FALSE,Metabarcoding,Dros_niti,O,NA,NA,NA,NA,Nitidulidae,NA,NA,NA,NA,NA,Qiagen Nondestructive,NA,NA,amplicon,,fwhF2-fwhR2n,NA,fwhf2T1-fwhR2nT1,NA,NA,NA,Miseq,NA,DADA2,NA,NA,NA,NA,NA,NA,NA,NA,NA,NA,NA,NA,NA,-20
CM3-1in10-CL6_S92_R1_001,CM3-1in10-CL6,CM3-1in10-CL6,CM3-1in10-CL6,NA,3,1,FALSE,Metabarcoding,Dros_niti,O,NA,NA,NA,NA,Nitidulidae,NA,NA,NA,NA,NA,Qiagen Nondestructive,NA,NA,amplicon,,fwhF2-fwhR2n,NA,fwhf2T1-fwhR2nT1,NA,NA,NA,Miseq,NA,DADA2,NA,NA,NA,NA,NA,NA,NA,NA,NA,NA,NA,NA,NA,-20
CM3-1in10-CL6_S92_R2_001,CM3-1in10-CL6,CM3-1in10-CL6,CM3-1in10-CL6,NA,3,1,FALSE,Metabarcoding,Dros_niti,O,NA,NA,NA,NA,Nitidulidae,NA,NA,NA,NA,NA,Qiagen Nondestructive,NA,NA,amplicon,,fwhF2-fwhR2n,NA,fwhf2T1-fwhR2nT1,NA,NA,NA,Miseq,NA,DADA2,NA,NA,NA,NA,NA,NA,NA,NA,NA,NA,NA,NA,NA,-20
CM4-1in10-CL1_S53_R1_001,CM4-1in10-CL1,CM4-1in10-CL1,CM4-1in10-CL1,NA,3,1,FALSE,Metabarcoding,Dros_niti,O,NA,NA,NA,NA,Nitidulidae,NA,NA,NA,NA,NA,Qiagen Nondestructive,NA,NA,amplicon,,fwhF2-fwhR2n,NA,fwhf2T1-fwhR2nT1,NA,NA,NA,Miseq,NA,DADA2,NA,NA,NA,NA,NA,NA,NA,NA,NA,NA,NA,NA,NA,-20
CM4-1in10-CL1_S53_R2_001,CM4-1in10-CL1,CM4-1in10-CL1,CM4-1in10-CL1,NA,3,1,FALSE,Metabarcoding,Dros_niti,O,NA,NA,NA,NA,Nitidulidae,NA,NA,NA,NA,NA,Qiagen Nondestructive,NA,NA,amplicon,,fwhF2-fwhR2n,NA,fwhf2T1-fwhR2nT1,NA,NA,NA,Miseq,NA,DADA2,NA,NA,NA,NA,NA,NA,NA,NA,NA,NA,NA,NA,NA,-20
CM4-1in10-CL2_S61_R1_001,CM4-1in10-CL2,CM4-1in10-CL2,CM4-1in10-CL2,NA,3,1,FALSE,Metabarcoding,Dros_niti,O,NA,NA,NA,NA,Nitidulidae,NA,NA,NA,NA,NA,Qiagen Nondestructive,NA,NA,amplicon,,fwhF2-fwhR2n,NA,fwhf2T1-fwhR2nT1,NA,NA,NA,Miseq,NA,DADA2,NA,NA,NA,NA,NA,NA,NA,NA,NA,NA,NA,NA,NA,-20
CM4-1in10-CL2_S61_R2_001,CM4-1in10-CL2,CM4-1in10-CL2,CM4-1in10-CL2,NA,3,1,FALSE,Metabarcoding,Dros_niti,O,NA,NA,NA,NA,Nitidulidae,NA,NA,NA,NA,NA,Qiagen Nondestructive,NA,NA,amplicon,,fwhF2-fwhR2n,NA,fwhf2T1-fwhR2nT1,NA,NA,NA,Miseq,NA,DADA2,NA,NA,NA,NA,NA,NA,NA,NA,NA,NA,NA,NA,NA,-20
CM4-1in10-CL3_S69_R1_001,CM4-1in10-CL3,CM4-1in10-CL3,CM4-1in10-CL3,NA,3,1,FALSE,Metabarcoding,Dros_niti,O,NA,NA,NA,NA,Nitidulidae,NA,NA,NA,NA,NA,Qiagen Nondestructive,NA,NA,amplicon,,fwhF2-fwhR2n,NA,fwhf2T1-fwhR2nT1,NA,NA,NA,Miseq,NA,DADA2,NA,NA,NA,NA,NA,NA,NA,NA,NA,NA,NA,NA,NA,-20
CM4-1in10-CL3_S69_R2_001,CM4-1in10-CL3,CM4-1in10-CL3,CM4-1in10-CL3,NA,3,1,FALSE,Metabarcoding,Dros_niti,O,NA,NA,NA,NA,Nitidulidae,NA,NA,NA,NA,NA,Qiagen Nondestructive,NA,NA,amplicon,,fwhF2-fwhR2n,NA,fwhf2T1-fwhR2nT1,NA,NA,NA,Miseq,NA,DADA2,NA,NA,NA,NA,NA,NA,NA,NA,NA,NA,NA,NA,NA,-20
CM4-1in10-CL4_S77_R1_001,CM4-1in10-CL4,CM4-1in10-CL4,CM4-1in10-CL4,NA,3,1,FALSE,Metabarcoding,Dros_niti,O,NA,NA,NA,NA,Nitidulidae,NA,NA,NA,NA,NA,Qiagen Nondestructive,NA,NA,amplicon,,fwhF2-fwhR2n,NA,fwhf2T1-fwhR2nT1,NA,NA,NA,Miseq,NA,DADA2,NA,NA,NA,NA,NA,NA,NA,NA,NA,NA,NA,NA,NA,-20
CM4-1in10-CL4_S77_R2_001,CM4-1in10-CL4,CM4-1in10-CL4,CM4-1in10-CL4,NA,3,1,FALSE,Metabarcoding,Dros_niti,O,NA,NA,NA,NA,Nitidulidae,NA,NA,NA,NA,NA,Qiagen Nondestructive,NA,NA,amplicon,,fwhF2-fwhR2n,NA,fwhf2T1-fwhR2nT1,NA,NA,NA,Miseq,NA,DADA2,NA,NA,NA,NA,NA,NA,NA,NA,NA,NA,NA,NA,NA,-20
CM4-1in10-CL5_S85_R1_001,CM4-1in10-CL5,CM4-1in10-CL5,CM4-1in10-CL5,NA,3,1,FALSE,Metabarcoding,Dros_niti,O,NA,NA,NA,NA,Nitidulidae,NA,NA,NA,NA,NA,Qiagen Nondestructive,NA,NA,amplicon,,fwhF2-fwhR2n,NA,fwhf2T1-fwhR2nT1,NA,NA,NA,Miseq,NA,DADA2,NA,NA,NA,NA,NA,NA,NA,NA,NA,NA,NA,NA,NA,-20
CM4-1in10-CL5_S85_R2_001,CM4-1in10-CL5,CM4-1in10-CL5,CM4-1in10-CL5,NA,3,1,FALSE,Metabarcoding,Dros_niti,O,NA,NA,NA,NA,Nitidulidae,NA,NA,NA,NA,NA,Qiagen Nondestructive,NA,NA,amplicon,,fwhF2-fwhR2n,NA,fwhf2T1-fwhR2nT1,NA,NA,NA,Miseq,NA,DADA2,NA,NA,NA,NA,NA,NA,NA,NA,NA,NA,NA,NA,NA,-20
CM4-1in10-CL6_S93_R1_001,CM4-1in10-CL6,CM4-1in10-CL6,CM4-1in10-CL6,NA,3,1,FALSE,Metabarcoding,Dros_niti,O,NA,NA,NA,NA,Nitidulidae,NA,NA,NA,NA,NA,Qiagen Nondestructive,NA,NA,amplicon,,fwhF2-fwhR2n,NA,fwhf2T1-fwhR2nT1,NA,NA,NA,Miseq,NA,DADA2,NA,NA,NA,NA,NA,NA,NA,NA,NA,NA,NA,NA,NA,-20
CM4-1in10-CL6_S93_R2_001,CM4-1in10-CL6,CM4-1in10-CL6,CM4-1in10-CL6,NA,3,1,FALSE,Metabarcoding,Dros_niti,O,NA,NA,NA,NA,Nitidulidae,NA,NA,NA,NA,NA,Qiagen Nondestructive,NA,NA,amplicon,,fwhF2-fwhR2n,NA,fwhf2T1-fwhR2nT1,NA,NA,NA,Miseq,NA,DADA2,NA,NA,NA,NA,NA,NA,NA,NA,NA,NA,NA,NA,NA,-20
CM5-1in10-CL1_S54_R1_001,CM5-1in10-CL1,CM5-1in10-CL1,CM5-1in10-CL1,NA,3,1,FALSE,Metabarcoding,Dros_niti,O,NA,NA,NA,NA,Nitidulidae,NA,NA,NA,NA,NA,Qiagen Nondestructive,NA,NA,amplicon,,fwhF2-fwhR2n,NA,fwhf2T1-fwhR2nT1,NA,NA,NA,Miseq,NA,DADA2,NA,NA,NA,NA,NA,NA,NA,NA,NA,NA,NA,NA,NA,-20
CM5-1in10-CL1_S54_R2_001,CM5-1in10-CL1,CM5-1in10-CL1,CM5-1in10-CL1,NA,3,1,FALSE,Metabarcoding,Dros_niti,O,NA,NA,NA,NA,Nitidulidae,NA,NA,NA,NA,NA,Qiagen Nondestructive,NA,NA,amplicon,,fwhF2-fwhR2n,NA,fwhf2T1-fwhR2nT1,NA,NA,NA,Miseq,NA,DADA2,NA,NA,NA,NA,NA,NA,NA,NA,NA,NA,NA,NA,NA,-20
CM5-1in10-CL2_S62_R1_001,CM5-1in10-CL2,CM5-1in10-CL2,CM5-1in10-CL2,NA,3,1,FALSE,Metabarcoding,Dros_niti,O,NA,NA,NA,NA,Nitidulidae,NA,NA,NA,NA,NA,Qiagen Nondestructive,NA,NA,amplicon,,fwhF2-fwhR2n,NA,fwhf2T1-fwhR2nT1,NA,NA,NA,Miseq,NA,DADA2,NA,NA,NA,NA,NA,NA,NA,NA,NA,NA,NA,NA,NA,-20
CM5-1in10-CL2_S62_R2_001,CM5-1in10-CL2,CM5-1in10-CL2,CM5-1in10-CL2,NA,3,1,FALSE,Metabarcoding,Dros_niti,O,NA,NA,NA,NA,Nitidulidae,NA,NA,NA,NA,NA,Qiagen Nondestructive,NA,NA,amplicon,,fwhF2-fwhR2n,NA,fwhf2T1-fwhR2nT1,NA,NA,NA,Miseq,NA,DADA2,NA,NA,NA,NA,NA,NA,NA,NA,NA,NA,NA,NA,NA,-20
CM5-1in10-CL3_S70_R1_001,CM5-1in10-CL3,CM5-1in10-CL3,CM5-1in10-CL3,NA,3,1,FALSE,Metabarcoding,Dros_niti,O,NA,NA,NA,NA,Nitidulidae,NA,NA,NA,NA,NA,Qiagen Nondestructive,NA,NA,amplicon,,fwhF2-fwhR2n,NA,fwhf2T1-fwhR2nT1,NA,NA,NA,Miseq,NA,DADA2,NA,NA,NA,NA,NA,NA,NA,NA,NA,NA,NA,NA,NA,-20
CM5-1in10-CL3_S70_R2_001,CM5-1in10-CL3,CM5-1in10-CL3,CM5-1in10-CL3,NA,3,1,FALSE,Metabarcoding,Dros_niti,O,NA,NA,NA,NA,Nitidulidae,NA,NA,NA,NA,NA,Qiagen Nondestructive,NA,NA,amplicon,,fwhF2-fwhR2n,NA,fwhf2T1-fwhR2nT1,NA,NA,NA,Miseq,NA,DADA2,NA,NA,NA,NA,NA,NA,NA,NA,NA,NA,NA,NA,NA,-20
CM5-1in10-CL4_S78_R1_001,CM5-1in10-CL4,CM5-1in10-CL4,CM5-1in10-CL4,NA,3,1,FALSE,Metabarcoding,Dros_niti,O,NA,NA,NA,NA,Nitidulidae,NA,NA,NA,NA,NA,Qiagen Nondestructive,NA,NA,amplicon,,fwhF2-fwhR2n,NA,fwhf2T1-fwhR2nT1,NA,NA,NA,Miseq,NA,DADA2,NA,NA,NA,NA,NA,NA,NA,NA,NA,NA,NA,NA,NA,-20
CM5-1in10-CL4_S78_R2_001,CM5-1in10-CL4,CM5-1in10-CL4,CM5-1in10-CL4,NA,3,1,FALSE,Metabarcoding,Dros_niti,O,NA,NA,NA,NA,Nitidulidae,NA,NA,NA,NA,NA,Qiagen Nondestructive,NA,NA,amplicon,,fwhF2-fwhR2n,NA,fwhf2T1-fwhR2nT1,NA,NA,NA,Miseq,NA,DADA2,NA,NA,NA,NA,NA,NA,NA,NA,NA,NA,NA,NA,NA,-20
CM5-1in10-CL5_S86_R1_001,CM5-1in10-CL5,CM5-1in10-CL5,CM5-1in10-CL5,NA,3,1,FALSE,Metabarcoding,Dros_niti,O,NA,NA,NA,NA,Nitidulidae,NA,NA,NA,NA,NA,Qiagen Nondestructive,NA,NA,amplicon,,fwhF2-fwhR2n,NA,fwhf2T1-fwhR2nT1,NA,NA,NA,Miseq,NA,DADA2,NA,NA,NA,NA,NA,NA,NA,NA,NA,NA,NA,NA,NA,-20
CM5-1in10-CL5_S86_R2_001,CM5-1in10-CL5,CM5-1in10-CL5,CM5-1in10-CL5,NA,3,1,FALSE,Metabarcoding,Dros_niti,O,NA,NA,NA,NA,Nitidulidae,NA,NA,NA,NA,NA,Qiagen Nondestructive,NA,NA,amplicon,,fwhF2-fwhR2n,NA,fwhf2T1-fwhR2nT1,NA,NA,NA,Miseq,NA,DADA2,NA,NA,NA,NA,NA,NA,NA,NA,NA,NA,NA,NA,NA,-20
CM5-1in10-CL6_S94_R1_001,CM5-1in10-CL6,CM5-1in10-CL6,CM5-1in10-CL6,NA,3,1,FALSE,Metabarcoding,Dros_niti,O,NA,NA,NA,NA,Nitidulidae,NA,NA,NA,NA,NA,Qiagen Nondestructive,NA,NA,amplicon,,fwhF2-fwhR2n,NA,fwhf2T1-fwhR2nT1,NA,NA,NA,Miseq,NA,DADA2,NA,NA,NA,NA,NA,NA,NA,NA,NA,NA,NA,NA,NA,-20
CM5-1in10-CL6_S94_R2_001,CM5-1in10-CL6,CM5-1in10-CL6,CM5-1in10-CL6,NA,3,1,FALSE,Metabarcoding,Dros_niti,O,NA,NA,NA,NA,Nitidulidae,NA,NA,NA,NA,NA,Qiagen Nondestructive,NA,NA,amplicon,,fwhF2-fwhR2n,NA,fwhf2T1-fwhR2nT1,NA,NA,NA,Miseq,NA,DADA2,NA,NA,NA,NA,NA,NA,NA,NA,NA,NA,NA,NA,NA,-20
D100M1-1in10-DL1_S1_R1_001,D100M1-1in10-DL1,D100M1-1in10-DL1,D100M1-1in10-DL1,NA,3,1,FALSE,Metabarcoding,Dros_niti,O,NA,NA,NA,NA,Drosophilidae,NA,NA,NA,NA,NA,Qiagen Nondestructive,NA,NA,amplicon,,fwhF2-fwhR2n,NA,fwhf2T1-fwhR2nT1,NA,NA,NA,Miseq,NA,DADA2,NA,NA,NA,NA,NA,NA,NA,NA,NA,NA,NA,NA,NA,-20
D100M1-1in10-DL1_S1_R2_001,D100M1-1in10-DL1,D100M1-1in10-DL1,D100M1-1in10-DL1,NA,3,1,FALSE,Metabarcoding,Dros_niti,O,NA,NA,NA,NA,Drosophilidae,NA,NA,NA,NA,NA,Qiagen Nondestructive,NA,NA,amplicon,,fwhF2-fwhR2n,NA,fwhf2T1-fwhR2nT1,NA,NA,NA,Miseq,NA,DADA2,NA,NA,NA,NA,NA,NA,NA,NA,NA,NA,NA,NA,NA,-20
D100M1-1in10-DL2_S9_R1_001,D100M1-1in10-DL2,D100M1-1in10-DL2,D100M1-1in10-DL2,NA,3,1,FALSE,Metabarcoding,Dros_niti,O,NA,NA,NA,NA,Drosophilidae,NA,NA,NA,NA,NA,Qiagen Nondestructive,NA,NA,amplicon,,fwhF2-fwhR2n,NA,fwhf2T1-fwhR2nT1,NA,NA,NA,Miseq,NA,DADA2,NA,NA,NA,NA,NA,NA,NA,NA,NA,NA,NA,NA,NA,-20
D100M1-1in10-DL2_S9_R2_001,D100M1-1in10-DL2,D100M1-1in10-DL2,D100M1-1in10-DL2,NA,3,1,FALSE,Metabarcoding,Dros_niti,O,NA,NA,NA,NA,Drosophilidae,NA,NA,NA,NA,NA,Qiagen Nondestructive,NA,NA,amplicon,,fwhF2-fwhR2n,NA,fwhf2T1-fwhR2nT1,NA,NA,NA,Miseq,NA,DADA2,NA,NA,NA,NA,NA,NA,NA,NA,NA,NA,NA,NA,NA,-20
D100M1-1in10-DL3_S17_R1_001,D100M1-1in10-DL3,D100M1-1in10-DL3,D100M1-1in10-DL3,NA,3,1,FALSE,Metabarcoding,Dros_niti,O,NA,NA,NA,NA,Drosophilidae,NA,NA,NA,NA,NA,Qiagen Nondestructive,NA,NA,amplicon,,fwhF2-fwhR2n,NA,fwhf2T1-fwhR2nT1,NA,NA,NA,Miseq,NA,DADA2,NA,NA,NA,NA,NA,NA,NA,NA,NA,NA,NA,NA,NA,-20
D100M1-1in10-DL3_S17_R2_001,D100M1-1in10-DL3,D100M1-1in10-DL3,D100M1-1in10-DL3,NA,3,1,FALSE,Metabarcoding,Dros_niti,O,NA,NA,NA,NA,Drosophilidae,NA,NA,NA,NA,NA,Qiagen Nondestructive,NA,NA,amplicon,,fwhF2-fwhR2n,NA,fwhf2T1-fwhR2nT1,NA,NA,NA,Miseq,NA,DADA2,NA,NA,NA,NA,NA,NA,NA,NA,NA,NA,NA,NA,NA,-20
D100M1-1in10-DL4_S25_R1_001,D100M1-1in10-DL4,D100M1-1in10-DL4,D100M1-1in10-DL4,NA,3,1,FALSE,Metabarcoding,Dros_niti,O,NA,NA,NA,NA,Drosophilidae,NA,NA,NA,NA,NA,Qiagen Nondestructive,NA,NA,amplicon,,fwhF2-fwhR2n,NA,fwhf2T1-fwhR2nT1,NA,NA,NA,Miseq,NA,DADA2,NA,NA,NA,NA,NA,NA,NA,NA,NA,NA,NA,NA,NA,-20
D100M1-1in10-DL4_S25_R2_001,D100M1-1in10-DL4,D100M1-1in10-DL4,D100M1-1in10-DL4,NA,3,1,FALSE,Metabarcoding,Dros_niti,O,NA,NA,NA,NA,Drosophilidae,NA,NA,NA,NA,NA,Qiagen Nondestructive,NA,NA,amplicon,,fwhF2-fwhR2n,NA,fwhf2T1-fwhR2nT1,NA,NA,NA,Miseq,NA,DADA2,NA,NA,NA,NA,NA,NA,NA,NA,NA,NA,NA,NA,NA,-20
D100M1-1in10-DL5_S33_R1_001,D100M1-1in10-DL5,D100M1-1in10-DL5,D100M1-1in10-DL5,NA,3,1,FALSE,Metabarcoding,Dros_niti,O,NA,NA,NA,NA,Drosophilidae,NA,NA,NA,NA,NA,Qiagen Nondestructive,NA,NA,amplicon,,fwhF2-fwhR2n,NA,fwhf2T1-fwhR2nT1,NA,NA,NA,Miseq,NA,DADA2,NA,NA,NA,NA,NA,NA,NA,NA,NA,NA,NA,NA,NA,-20
D100M1-1in10-DL5_S33_R2_001,D100M1-1in10-DL5,D100M1-1in10-DL5,D100M1-1in10-DL5,NA,3,1,FALSE,Metabarcoding,Dros_niti,O,NA,NA,NA,NA,Drosophilidae,NA,NA,NA,NA,NA,Qiagen Nondestructive,NA,NA,amplicon,,fwhF2-fwhR2n,NA,fwhf2T1-fwhR2nT1,NA,NA,NA,Miseq,NA,DADA2,NA,NA,NA,NA,NA,NA,NA,NA,NA,NA,NA,NA,NA,-20
D100M1-1in10-DL6_S41_R1_001,D100M1-1in10-DL6,D100M1-1in10-DL6,D100M1-1in10-DL6,NA,3,1,FALSE,Metabarcoding,Dros_niti,O,NA,NA,NA,NA,Drosophilidae,NA,NA,NA,NA,NA,Qiagen Nondestructive,NA,NA,amplicon,,fwhF2-fwhR2n,NA,fwhf2T1-fwhR2nT1,NA,NA,NA,Miseq,NA,DADA2,NA,NA,NA,NA,NA,NA,NA,NA,NA,NA,NA,NA,NA,-20
D100M1-1in10-DL6_S41_R2_001,D100M1-1in10-DL6,D100M1-1in10-DL6,D100M1-1in10-DL6,NA,3,1,FALSE,Metabarcoding,Dros_niti,O,NA,NA,NA,NA,Drosophilidae,NA,NA,NA,NA,NA,Qiagen Nondestructive,NA,NA,amplicon,,fwhF2-fwhR2n,NA,fwhf2T1-fwhR2nT1,NA,NA,NA,Miseq,NA,DADA2,NA,NA,NA,NA,NA,NA,NA,NA,NA,NA,NA,NA,NA,-20
D100M2-1in10-DL1_S2_R1_001,D100M2-1in10-DL1,D100M2-1in10-DL1,D100M2-1in10-DL1,NA,3,1,FALSE,Metabarcoding,Dros_niti,O,NA,NA,NA,NA,Drosophilidae,NA,NA,NA,NA,NA,Qiagen Nondestructive,NA,NA,amplicon,,fwhF2-fwhR2n,NA,fwhf2T1-fwhR2nT1,NA,NA,NA,Miseq,NA,DADA2,NA,NA,NA,NA,NA,NA,NA,NA,NA,NA,NA,NA,NA,-20
D100M2-1in10-DL1_S2_R2_001,D100M2-1in10-DL1,D100M2-1in10-DL1,D100M2-1in10-DL1,NA,3,1,FALSE,Metabarcoding,Dros_niti,O,NA,NA,NA,NA,Drosophilidae,NA,NA,NA,NA,NA,Qiagen Nondestructive,NA,NA,amplicon,,fwhF2-fwhR2n,NA,fwhf2T1-fwhR2nT1,NA,NA,NA,Miseq,NA,DADA2,NA,NA,NA,NA,NA,NA,NA,NA,NA,NA,NA,NA,NA,-20
D100M2-1in10-DL2_S10_R1_001,D100M2-1in10-DL2,D100M2-1in10-DL2,D100M2-1in10-DL2,NA,3,1,FALSE,Metabarcoding,Dros_niti,O,NA,NA,NA,NA,Drosophilidae,NA,NA,NA,NA,NA,Qiagen Nondestructive,NA,NA,amplicon,,fwhF2-fwhR2n,NA,fwhf2T1-fwhR2nT1,NA,NA,NA,Miseq,NA,DADA2,NA,NA,NA,NA,NA,NA,NA,NA,NA,NA,NA,NA,NA,-20
D100M2-1in10-DL2_S10_R2_001,D100M2-1in10-DL2,D100M2-1in10-DL2,D100M2-1in10-DL2,NA,3,1,FALSE,Metabarcoding,Dros_niti,O,NA,NA,NA,NA,Drosophilidae,NA,NA,NA,NA,NA,Qiagen Nondestructive,NA,NA,amplicon,,fwhF2-fwhR2n,NA,fwhf2T1-fwhR2nT1,NA,NA,NA,Miseq,NA,DADA2,NA,NA,NA,NA,NA,NA,NA,NA,NA,NA,NA,NA,NA,-20
D100M2-1in10-DL3_S18_R1_001,D100M2-1in10-DL3,D100M2-1in10-DL3,D100M2-1in10-DL3,NA,3,1,FALSE,Metabarcoding,Dros_niti,O,NA,NA,NA,NA,Drosophilidae,NA,NA,NA,NA,NA,Qiagen Nondestructive,NA,NA,amplicon,,fwhF2-fwhR2n,NA,fwhf2T1-fwhR2nT1,NA,NA,NA,Miseq,NA,DADA2,NA,NA,NA,NA,NA,NA,NA,NA,NA,NA,NA,NA,NA,-20
D100M2-1in10-DL3_S18_R2_001,D100M2-1in10-DL3,D100M2-1in10-DL3,D100M2-1in10-DL3,NA,3,1,FALSE,Metabarcoding,Dros_niti,O,NA,NA,NA,NA,Drosophilidae,NA,NA,NA,NA,NA,Qiagen Nondestructive,NA,NA,amplicon,,fwhF2-fwhR2n,NA,fwhf2T1-fwhR2nT1,NA,NA,NA,Miseq,NA,DADA2,NA,NA,NA,NA,NA,NA,NA,NA,NA,NA,NA,NA,NA,-20
D100M2-1in10-DL4_S26_R1_001,D100M2-1in10-DL4,D100M2-1in10-DL4,D100M2-1in10-DL4,NA,3,1,FALSE,Metabarcoding,Dros_niti,O,NA,NA,NA,NA,Drosophilidae,NA,NA,NA,NA,NA,Qiagen Nondestructive,NA,NA,amplicon,,fwhF2-fwhR2n,NA,fwhf2T1-fwhR2nT1,NA,NA,NA,Miseq,NA,DADA2,NA,NA,NA,NA,NA,NA,NA,NA,NA,NA,NA,NA,NA,-20
D100M2-1in10-DL4_S26_R2_001,D100M2-1in10-DL4,D100M2-1in10-DL4,D100M2-1in10-DL4,NA,3,1,FALSE,Metabarcoding,Dros_niti,O,NA,NA,NA,NA,Drosophilidae,NA,NA,NA,NA,NA,Qiagen Nondestructive,NA,NA,amplicon,,fwhF2-fwhR2n,NA,fwhf2T1-fwhR2nT1,NA,NA,NA,Miseq,NA,DADA2,NA,NA,NA,NA,NA,NA,NA,NA,NA,NA,NA,NA,NA,-20
D100M2-1in10-DL5_S34_R1_001,D100M2-1in10-DL5,D100M2-1in10-DL5,D100M2-1in10-DL5,NA,3,1,FALSE,Metabarcoding,Dros_niti,O,NA,NA,NA,NA,Drosophilidae,NA,NA,NA,NA,NA,Qiagen Nondestructive,NA,NA,amplicon,,fwhF2-fwhR2n,NA,fwhf2T1-fwhR2nT1,NA,NA,NA,Miseq,NA,DADA2,NA,NA,NA,NA,NA,NA,NA,NA,NA,NA,NA,NA,NA,-20
D100M2-1in10-DL5_S34_R2_001,D100M2-1in10-DL5,D100M2-1in10-DL5,D100M2-1in10-DL5,NA,3,1,FALSE,Metabarcoding,Dros_niti,O,NA,NA,NA,NA,Drosophilidae,NA,NA,NA,NA,NA,Qiagen Nondestructive,NA,NA,amplicon,,fwhF2-fwhR2n,NA,fwhf2T1-fwhR2nT1,NA,NA,NA,Miseq,NA,DADA2,NA,NA,NA,NA,NA,NA,NA,NA,NA,NA,NA,NA,NA,-20
D100M2-1in10-DL6_S42_R1_001,D100M2-1in10-DL6,D100M2-1in10-DL6,D100M2-1in10-DL6,NA,3,1,FALSE,Metabarcoding,Dros_niti,O,NA,NA,NA,NA,Drosophilidae,NA,NA,NA,NA,NA,Qiagen Nondestructive,NA,NA,amplicon,,fwhF2-fwhR2n,NA,fwhf2T1-fwhR2nT1,NA,NA,NA,Miseq,NA,DADA2,NA,NA,NA,NA,NA,NA,NA,NA,NA,NA,NA,NA,NA,-20
D100M2-1in10-DL6_S42_R2_001,D100M2-1in10-DL6,D100M2-1in10-DL6,D100M2-1in10-DL6,NA,3,1,FALSE,Metabarcoding,Dros_niti,O,NA,NA,NA,NA,Drosophilidae,NA,NA,NA,NA,NA,Qiagen Nondestructive,NA,NA,amplicon,,fwhF2-fwhR2n,NA,fwhf2T1-fwhR2nT1,NA,NA,NA,Miseq,NA,DADA2,NA,NA,NA,NA,NA,NA,NA,NA,NA,NA,NA,NA,NA,-20
D100M3-1in10-DL1_S3_R1_001,D100M3-1in10-DL1,D100M3-1in10-DL1,D100M3-1in10-DL1,NA,3,1,FALSE,Metabarcoding,Dros_niti,O,NA,NA,NA,NA,Drosophilidae,NA,NA,NA,NA,NA,Qiagen Nondestructive,NA,NA,amplicon,,fwhF2-fwhR2n,NA,fwhf2T1-fwhR2nT1,NA,NA,NA,Miseq,NA,DADA2,NA,NA,NA,NA,NA,NA,NA,NA,NA,NA,NA,NA,NA,-20
D100M3-1in10-DL1_S3_R2_001,D100M3-1in10-DL1,D100M3-1in10-DL1,D100M3-1in10-DL1,NA,3,1,FALSE,Metabarcoding,Dros_niti,O,NA,NA,NA,NA,Drosophilidae,NA,NA,NA,NA,NA,Qiagen Nondestructive,NA,NA,amplicon,,fwhF2-fwhR2n,NA,fwhf2T1-fwhR2nT1,NA,NA,NA,Miseq,NA,DADA2,NA,NA,NA,NA,NA,NA,NA,NA,NA,NA,NA,NA,NA,-20
D100M3-1in10-DL2_S11_R1_001,D100M3-1in10-DL2,D100M3-1in10-DL2,D100M3-1in10-DL2,NA,3,1,FALSE,Metabarcoding,Dros_niti,O,NA,NA,NA,NA,Drosophilidae,NA,NA,NA,NA,NA,Qiagen Nondestructive,NA,NA,amplicon,,fwhF2-fwhR2n,NA,fwhf2T1-fwhR2nT1,NA,NA,NA,Miseq,NA,DADA2,NA,NA,NA,NA,NA,NA,NA,NA,NA,NA,NA,NA,NA,-20
D100M3-1in10-DL2_S11_R2_001,D100M3-1in10-DL2,D100M3-1in10-DL2,D100M3-1in10-DL2,NA,3,1,FALSE,Metabarcoding,Dros_niti,O,NA,NA,NA,NA,Drosophilidae,NA,NA,NA,NA,NA,Qiagen Nondestructive,NA,NA,amplicon,,fwhF2-fwhR2n,NA,fwhf2T1-fwhR2nT1,NA,NA,NA,Miseq,NA,DADA2,NA,NA,NA,NA,NA,NA,NA,NA,NA,NA,NA,NA,NA,-20
D100M3-1in10-DL3_S19_R1_001,D100M3-1in10-DL3,D100M3-1in10-DL3,D100M3-1in10-DL3,NA,3,1,FALSE,Metabarcoding,Dros_niti,O,NA,NA,NA,NA,Drosophilidae,NA,NA,NA,NA,NA,Qiagen Nondestructive,NA,NA,amplicon,,fwhF2-fwhR2n,NA,fwhf2T1-fwhR2nT1,NA,NA,NA,Miseq,NA,DADA2,NA,NA,NA,NA,NA,NA,NA,NA,NA,NA,NA,NA,NA,-20
D100M3-1in10-DL3_S19_R2_001,D100M3-1in10-DL3,D100M3-1in10-DL3,D100M3-1in10-DL3,NA,3,1,FALSE,Metabarcoding,Dros_niti,O,NA,NA,NA,NA,Drosophilidae,NA,NA,NA,NA,NA,Qiagen Nondestructive,NA,NA,amplicon,,fwhF2-fwhR2n,NA,fwhf2T1-fwhR2nT1,NA,NA,NA,Miseq,NA,DADA2,NA,NA,NA,NA,NA,NA,NA,NA,NA,NA,NA,NA,NA,-20
D100M3-1in10-DL4_S27_R1_001,D100M3-1in10-DL4,D100M3-1in10-DL4,D100M3-1in10-DL4,NA,3,1,FALSE,Metabarcoding,Dros_niti,O,NA,NA,NA,NA,Drosophilidae,NA,NA,NA,NA,NA,Qiagen Nondestructive,NA,NA,amplicon,,fwhF2-fwhR2n,NA,fwhf2T1-fwhR2nT1,NA,NA,NA,Miseq,NA,DADA2,NA,NA,NA,NA,NA,NA,NA,NA,NA,NA,NA,NA,NA,-20
D100M3-1in10-DL4_S27_R2_001,D100M3-1in10-DL4,D100M3-1in10-DL4,D100M3-1in10-DL4,NA,3,1,FALSE,Metabarcoding,Dros_niti,O,NA,NA,NA,NA,Drosophilidae,NA,NA,NA,NA,NA,Qiagen Nondestructive,NA,NA,amplicon,,fwhF2-fwhR2n,NA,fwhf2T1-fwhR2nT1,NA,NA,NA,Miseq,NA,DADA2,NA,NA,NA,NA,NA,NA,NA,NA,NA,NA,NA,NA,NA,-20
D100M3-1in10-DL5_S35_R1_001,D100M3-1in10-DL5,D100M3-1in10-DL5,D100M3-1in10-DL5,NA,3,1,FALSE,Metabarcoding,Dros_niti,O,NA,NA,NA,NA,Drosophilidae,NA,NA,NA,NA,NA,Qiagen Nondestructive,NA,NA,amplicon,,fwhF2-fwhR2n,NA,fwhf2T1-fwhR2nT1,NA,NA,NA,Miseq,NA,DADA2,NA,NA,NA,NA,NA,NA,NA,NA,NA,NA,NA,NA,NA,-20
D100M3-1in10-DL5_S35_R2_001,D100M3-1in10-DL5,D100M3-1in10-DL5,D100M3-1in10-DL5,NA,3,1,FALSE,Metabarcoding,Dros_niti,O,NA,NA,NA,NA,Drosophilidae,NA,NA,NA,NA,NA,Qiagen Nondestructive,NA,NA,amplicon,,fwhF2-fwhR2n,NA,fwhf2T1-fwhR2nT1,NA,NA,NA,Miseq,NA,DADA2,NA,NA,NA,NA,NA,NA,NA,NA,NA,NA,NA,NA,NA,-20
D100M3-1in10-DL6_S43_R1_001,D100M3-1in10-DL6,D100M3-1in10-DL6,D100M3-1in10-DL6,NA,3,1,FALSE,Metabarcoding,Dros_niti,O,NA,NA,NA,NA,Drosophilidae,NA,NA,NA,NA,NA,Qiagen Nondestructive,NA,NA,amplicon,,fwhF2-fwhR2n,NA,fwhf2T1-fwhR2nT1,NA,NA,NA,Miseq,NA,DADA2,NA,NA,NA,NA,NA,NA,NA,NA,NA,NA,NA,NA,NA,-20
D100M3-1in10-DL6_S43_R2_001,D100M3-1in10-DL6,D100M3-1in10-DL6,D100M3-1in10-DL6,NA,3,1,FALSE,Metabarcoding,Dros_niti,O,NA,NA,NA,NA,Drosophilidae,NA,NA,NA,NA,NA,Qiagen Nondestructive,NA,NA,amplicon,,fwhF2-fwhR2n,NA,fwhf2T1-fwhR2nT1,NA,NA,NA,Miseq,NA,DADA2,NA,NA,NA,NA,NA,NA,NA,NA,NA,NA,NA,NA,NA,-20
D100M4-1in10-DL1_S4_R1_001,D100M4-1in10-DL1,D100M4-1in10-DL1,D100M4-1in10-DL1,NA,3,1,FALSE,Metabarcoding,Dros_niti,O,NA,NA,NA,NA,Drosophilidae,NA,NA,NA,NA,NA,Qiagen Nondestructive,NA,NA,amplicon,,fwhF2-fwhR2n,NA,fwhf2T1-fwhR2nT1,NA,NA,NA,Miseq,NA,DADA2,NA,NA,NA,NA,NA,NA,NA,NA,NA,NA,NA,NA,NA,-20
D100M4-1in10-DL1_S4_R2_001,D100M4-1in10-DL1,D100M4-1in10-DL1,D100M4-1in10-DL1,NA,3,1,FALSE,Metabarcoding,Dros_niti,O,NA,NA,NA,NA,Drosophilidae,NA,NA,NA,NA,NA,Qiagen Nondestructive,NA,NA,amplicon,,fwhF2-fwhR2n,NA,fwhf2T1-fwhR2nT1,NA,NA,NA,Miseq,NA,DADA2,NA,NA,NA,NA,NA,NA,NA,NA,NA,NA,NA,NA,NA,-20
D100M4-1in10-DL2_S12_R1_001,D100M4-1in10-DL2,D100M4-1in10-DL2,D100M4-1in10-DL2,NA,3,1,FALSE,Metabarcoding,Dros_niti,O,NA,NA,NA,NA,Drosophilidae,NA,NA,NA,NA,NA,Qiagen Nondestructive,NA,NA,amplicon,,fwhF2-fwhR2n,NA,fwhf2T1-fwhR2nT1,NA,NA,NA,Miseq,NA,DADA2,NA,NA,NA,NA,NA,NA,NA,NA,NA,NA,NA,NA,NA,-20
D100M4-1in10-DL2_S12_R2_001,D100M4-1in10-DL2,D100M4-1in10-DL2,D100M4-1in10-DL2,NA,3,1,FALSE,Metabarcoding,Dros_niti,O,NA,NA,NA,NA,Drosophilidae,NA,NA,NA,NA,NA,Qiagen Nondestructive,NA,NA,amplicon,,fwhF2-fwhR2n,NA,fwhf2T1-fwhR2nT1,NA,NA,NA,Miseq,NA,DADA2,NA,NA,NA,NA,NA,NA,NA,NA,NA,NA,NA,NA,NA,-20
D100M4-1in10-DL3_S20_R1_001,D100M4-1in10-DL3,D100M4-1in10-DL3,D100M4-1in10-DL3,NA,3,1,FALSE,Metabarcoding,Dros_niti,O,NA,NA,NA,NA,Drosophilidae,NA,NA,NA,NA,NA,Qiagen Nondestructive,NA,NA,amplicon,,fwhF2-fwhR2n,NA,fwhf2T1-fwhR2nT1,NA,NA,NA,Miseq,NA,DADA2,NA,NA,NA,NA,NA,NA,NA,NA,NA,NA,NA,NA,NA,-20
D100M4-1in10-DL3_S20_R2_001,D100M4-1in10-DL3,D100M4-1in10-DL3,D100M4-1in10-DL3,NA,3,1,FALSE,Metabarcoding,Dros_niti,O,NA,NA,NA,NA,Drosophilidae,NA,NA,NA,NA,NA,Qiagen Nondestructive,NA,NA,amplicon,,fwhF2-fwhR2n,NA,fwhf2T1-fwhR2nT1,NA,NA,NA,Miseq,NA,DADA2,NA,NA,NA,NA,NA,NA,NA,NA,NA,NA,NA,NA,NA,-20
D100M4-1in10-DL4_S28_R1_001,D100M4-1in10-DL4,D100M4-1in10-DL4,D100M4-1in10-DL4,NA,3,1,FALSE,Metabarcoding,Dros_niti,O,NA,NA,NA,NA,Drosophilidae,NA,NA,NA,NA,NA,Qiagen Nondestructive,NA,NA,amplicon,,fwhF2-fwhR2n,NA,fwhf2T1-fwhR2nT1,NA,NA,NA,Miseq,NA,DADA2,NA,NA,NA,NA,NA,NA,NA,NA,NA,NA,NA,NA,NA,-20
D100M4-1in10-DL4_S28_R2_001,D100M4-1in10-DL4,D100M4-1in10-DL4,D100M4-1in10-DL4,NA,3,1,FALSE,Metabarcoding,Dros_niti,O,NA,NA,NA,NA,Drosophilidae,NA,NA,NA,NA,NA,Qiagen Nondestructive,NA,NA,amplicon,,fwhF2-fwhR2n,NA,fwhf2T1-fwhR2nT1,NA,NA,NA,Miseq,NA,DADA2,NA,NA,NA,NA,NA,NA,NA,NA,NA,NA,NA,NA,NA,-20
D100M4-1in10-DL5_S36_R1_001,D100M4-1in10-DL5,D100M4-1in10-DL5,D100M4-1in10-DL5,NA,3,1,FALSE,Metabarcoding,Dros_niti,O,NA,NA,NA,NA,Drosophilidae,NA,NA,NA,NA,NA,Qiagen Nondestructive,NA,NA,amplicon,,fwhF2-fwhR2n,NA,fwhf2T1-fwhR2nT1,NA,NA,NA,Miseq,NA,DADA2,NA,NA,NA,NA,NA,NA,NA,NA,NA,NA,NA,NA,NA,-20
D100M4-1in10-DL5_S36_R2_001,D100M4-1in10-DL5,D100M4-1in10-DL5,D100M4-1in10-DL5,NA,3,1,FALSE,Metabarcoding,Dros_niti,O,NA,NA,NA,NA,Drosophilidae,NA,NA,NA,NA,NA,Qiagen Nondestructive,NA,NA,amplicon,,fwhF2-fwhR2n,NA,fwhf2T1-fwhR2nT1,NA,NA,NA,Miseq,NA,DADA2,NA,NA,NA,NA,NA,NA,NA,NA,NA,NA,NA,NA,NA,-20
D100M4-1in10-DL6_S44_R1_001,D100M4-1in10-DL6,D100M4-1in10-DL6,D100M4-1in10-DL6,NA,3,1,FALSE,Metabarcoding,Dros_niti,O,NA,NA,NA,NA,Drosophilidae,NA,NA,NA,NA,NA,Qiagen Nondestructive,NA,NA,amplicon,,fwhF2-fwhR2n,NA,fwhf2T1-fwhR2nT1,NA,NA,NA,Miseq,NA,DADA2,NA,NA,NA,NA,NA,NA,NA,NA,NA,NA,NA,NA,NA,-20
D100M4-1in10-DL6_S44_R2_001,D100M4-1in10-DL6,D100M4-1in10-DL6,D100M4-1in10-DL6,NA,3,1,FALSE,Metabarcoding,Dros_niti,O,NA,NA,NA,NA,Drosophilidae,NA,NA,NA,NA,NA,Qiagen Nondestructive,NA,NA,amplicon,,fwhF2-fwhR2n,NA,fwhf2T1-fwhR2nT1,NA,NA,NA,Miseq,NA,DADA2,NA,NA,NA,NA,NA,NA,NA,NA,NA,NA,NA,NA,NA,-20
D100M5-1in10-DL1_S5_R1_001,D100M5-1in10-DL1,D100M5-1in10-DL1,D100M5-1in10-DL1,NA,3,1,FALSE,Metabarcoding,Dros_niti,O,NA,NA,NA,NA,Drosophilidae,NA,NA,NA,NA,NA,Qiagen Nondestructive,NA,NA,amplicon,,fwhF2-fwhR2n,NA,fwhf2T1-fwhR2nT1,NA,NA,NA,Miseq,NA,DADA2,NA,NA,NA,NA,NA,NA,NA,NA,NA,NA,NA,NA,NA,-20
D100M5-1in10-DL1_S5_R2_001,D100M5-1in10-DL1,D100M5-1in10-DL1,D100M5-1in10-DL1,NA,3,1,FALSE,Metabarcoding,Dros_niti,O,NA,NA,NA,NA,Drosophilidae,NA,NA,NA,NA,NA,Qiagen Nondestructive,NA,NA,amplicon,,fwhF2-fwhR2n,NA,fwhf2T1-fwhR2nT1,NA,NA,NA,Miseq,NA,DADA2,NA,NA,NA,NA,NA,NA,NA,NA,NA,NA,NA,NA,NA,-20
D100M5-1in10-DL2_S13_R1_001,D100M5-1in10-DL2,D100M5-1in10-DL2,D100M5-1in10-DL2,NA,3,1,FALSE,Metabarcoding,Dros_niti,O,NA,NA,NA,NA,Drosophilidae,NA,NA,NA,NA,NA,Qiagen Nondestructive,NA,NA,amplicon,,fwhF2-fwhR2n,NA,fwhf2T1-fwhR2nT1,NA,NA,NA,Miseq,NA,DADA2,NA,NA,NA,NA,NA,NA,NA,NA,NA,NA,NA,NA,NA,-20
D100M5-1in10-DL2_S13_R2_001,D100M5-1in10-DL2,D100M5-1in10-DL2,D100M5-1in10-DL2,NA,3,1,FALSE,Metabarcoding,Dros_niti,O,NA,NA,NA,NA,Drosophilidae,NA,NA,NA,NA,NA,Qiagen Nondestructive,NA,NA,amplicon,,fwhF2-fwhR2n,NA,fwhf2T1-fwhR2nT1,NA,NA,NA,Miseq,NA,DADA2,NA,NA,NA,NA,NA,NA,NA,NA,NA,NA,NA,NA,NA,-20
D100M5-1in10-DL3_S21_R1_001,D100M5-1in10-DL3,D100M5-1in10-DL3,D100M5-1in10-DL3,NA,3,1,FALSE,Metabarcoding,Dros_niti,O,NA,NA,NA,NA,Drosophilidae,NA,NA,NA,NA,NA,Qiagen Nondestructive,NA,NA,amplicon,,fwhF2-fwhR2n,NA,fwhf2T1-fwhR2nT1,NA,NA,NA,Miseq,NA,DADA2,NA,NA,NA,NA,NA,NA,NA,NA,NA,NA,NA,NA,NA,-20
D100M5-1in10-DL3_S21_R2_001,D100M5-1in10-DL3,D100M5-1in10-DL3,D100M5-1in10-DL3,NA,3,1,FALSE,Metabarcoding,Dros_niti,O,NA,NA,NA,NA,Drosophilidae,NA,NA,NA,NA,NA,Qiagen Nondestructive,NA,NA,amplicon,,fwhF2-fwhR2n,NA,fwhf2T1-fwhR2nT1,NA,NA,NA,Miseq,NA,DADA2,NA,NA,NA,NA,NA,NA,NA,NA,NA,NA,NA,NA,NA,-20
D100M5-1in10-DL4_S29_R1_001,D100M5-1in10-DL4,D100M5-1in10-DL4,D100M5-1in10-DL4,NA,3,1,FALSE,Metabarcoding,Dros_niti,O,NA,NA,NA,NA,Drosophilidae,NA,NA,NA,NA,NA,Qiagen Nondestructive,NA,NA,amplicon,,fwhF2-fwhR2n,NA,fwhf2T1-fwhR2nT1,NA,NA,NA,Miseq,NA,DADA2,NA,NA,NA,NA,NA,NA,NA,NA,NA,NA,NA,NA,NA,-20
D100M5-1in10-DL4_S29_R2_001,D100M5-1in10-DL4,D100M5-1in10-DL4,D100M5-1in10-DL4,NA,3,1,FALSE,Metabarcoding,Dros_niti,O,NA,NA,NA,NA,Drosophilidae,NA,NA,NA,NA,NA,Qiagen Nondestructive,NA,NA,amplicon,,fwhF2-fwhR2n,NA,fwhf2T1-fwhR2nT1,NA,NA,NA,Miseq,NA,DADA2,NA,NA,NA,NA,NA,NA,NA,NA,NA,NA,NA,NA,NA,-20
D100M5-1in10-DL5_S37_R1_001,D100M5-1in10-DL5,D100M5-1in10-DL5,D100M5-1in10-DL5,NA,3,1,FALSE,Metabarcoding,Dros_niti,O,NA,NA,NA,NA,Drosophilidae,NA,NA,NA,NA,NA,Qiagen Nondestructive,NA,NA,amplicon,,fwhF2-fwhR2n,NA,fwhf2T1-fwhR2nT1,NA,NA,NA,Miseq,NA,DADA2,NA,NA,NA,NA,NA,NA,NA,NA,NA,NA,NA,NA,NA,-20
D100M5-1in10-DL5_S37_R2_001,D100M5-1in10-DL5,D100M5-1in10-DL5,D100M5-1in10-DL5,NA,3,1,FALSE,Metabarcoding,Dros_niti,O,NA,NA,NA,NA,Drosophilidae,NA,NA,NA,NA,NA,Qiagen Nondestructive,NA,NA,amplicon,,fwhF2-fwhR2n,NA,fwhf2T1-fwhR2nT1,NA,NA,NA,Miseq,NA,DADA2,NA,NA,NA,NA,NA,NA,NA,NA,NA,NA,NA,NA,NA,-20
D100M5-1in10-DL6_S45_R1_001,D100M5-1in10-DL6,D100M5-1in10-DL6,D100M5-1in10-DL6,NA,3,1,FALSE,Metabarcoding,Dros_niti,O,NA,NA,NA,NA,Drosophilidae,NA,NA,NA,NA,NA,Qiagen Nondestructive,NA,NA,amplicon,,fwhF2-fwhR2n,NA,fwhf2T1-fwhR2nT1,NA,NA,NA,Miseq,NA,DADA2,NA,NA,NA,NA,NA,NA,NA,NA,NA,NA,NA,NA,NA,-20
D100M5-1in10-DL6_S45_R2_001,D100M5-1in10-DL6,D100M5-1in10-DL6,D100M5-1in10-DL6,NA,3,1,FALSE,Metabarcoding,Dros_niti,O,NA,NA,NA,NA,Drosophilidae,NA,NA,NA,NA,NA,Qiagen Nondestructive,NA,NA,amplicon,,fwhF2-fwhR2n,NA,fwhf2T1-fwhR2nT1,NA,NA,NA,Miseq,NA,DADA2,NA,NA,NA,NA,NA,NA,NA,NA,NA,NA,NA,NA,NA,-20
DM0Sach-1in10-DL1_S6_R1_001,DM0Sach-1in10-DL1,DM0Sach-1in10-DL1,DM0Sach-1in10-DL1,NA,3,1,FALSE,Metabarcoding,Dros_niti,O,NA,NA,NA,NA,Cherry,NA,NA,NA,NA,NA,Qiagen Nondestructive,NA,NA,amplicon,,fwhF2-fwhR2n,NA,fwhf2T1-fwhR2nT1,NA,NA,NA,Miseq,NA,DADA2,NA,NA,NA,NA,NA,NA,NA,NA,NA,NA,NA,NA,NA,-20
DM0Sach-1in10-DL1_S6_R2_001,DM0Sach-1in10-DL1,DM0Sach-1in10-DL1,DM0Sach-1in10-DL1,NA,3,1,FALSE,Metabarcoding,Dros_niti,O,NA,NA,NA,NA,Cherry,NA,NA,NA,NA,NA,Qiagen Nondestructive,NA,NA,amplicon,,fwhF2-fwhR2n,NA,fwhf2T1-fwhR2nT1,NA,NA,NA,Miseq,NA,DADA2,NA,NA,NA,NA,NA,NA,NA,NA,NA,NA,NA,NA,NA,-20
DM0Sach-1in10-DL2_S14_R1_001,DM0Sach-1in10-DL2,DM0Sach-1in10-DL2,DM0Sach-1in10-DL2,NA,3,1,FALSE,Metabarcoding,Dros_niti,O,NA,NA,NA,NA,Cherry,NA,NA,NA,NA,NA,Qiagen Nondestructive,NA,NA,amplicon,,fwhF2-fwhR2n,NA,fwhf2T1-fwhR2nT1,NA,NA,NA,Miseq,NA,DADA2,NA,NA,NA,NA,NA,NA,NA,NA,NA,NA,NA,NA,NA,-20
DM0Sach-1in10-DL2_S14_R2_001,DM0Sach-1in10-DL2,DM0Sach-1in10-DL2,DM0Sach-1in10-DL2,NA,3,1,FALSE,Metabarcoding,Dros_niti,O,NA,NA,NA,NA,Cherry,NA,NA,NA,NA,NA,Qiagen Nondestructive,NA,NA,amplicon,,fwhF2-fwhR2n,NA,fwhf2T1-fwhR2nT1,NA,NA,NA,Miseq,NA,DADA2,NA,NA,NA,NA,NA,NA,NA,NA,NA,NA,NA,NA,NA,-20
DM0Sach-1in10-DL3_S22_R1_001,DM0Sach-1in10-DL3,DM0Sach-1in10-DL3,DM0Sach-1in10-DL3,NA,3,1,FALSE,Metabarcoding,Dros_niti,O,NA,NA,NA,NA,Cherry,NA,NA,NA,NA,NA,Qiagen Nondestructive,NA,NA,amplicon,,fwhF2-fwhR2n,NA,fwhf2T1-fwhR2nT1,NA,NA,NA,Miseq,NA,DADA2,NA,NA,NA,NA,NA,NA,NA,NA,NA,NA,NA,NA,NA,-20
DM0Sach-1in10-DL3_S22_R2_001,DM0Sach-1in10-DL3,DM0Sach-1in10-DL3,DM0Sach-1in10-DL3,NA,3,1,FALSE,Metabarcoding,Dros_niti,O,NA,NA,NA,NA,Cherry,NA,NA,NA,NA,NA,Qiagen Nondestructive,NA,NA,amplicon,,fwhF2-fwhR2n,NA,fwhf2T1-fwhR2nT1,NA,NA,NA,Miseq,NA,DADA2,NA,NA,NA,NA,NA,NA,NA,NA,NA,NA,NA,NA,NA,-20
DM0Sach-1in10-DL4_S30_R1_001,DM0Sach-1in10-DL4,DM0Sach-1in10-DL4,DM0Sach-1in10-DL4,NA,3,1,FALSE,Metabarcoding,Dros_niti,O,NA,NA,NA,NA,Cherry,NA,NA,NA,NA,NA,Qiagen Nondestructive,NA,NA,amplicon,,fwhF2-fwhR2n,NA,fwhf2T1-fwhR2nT1,NA,NA,NA,Miseq,NA,DADA2,NA,NA,NA,NA,NA,NA,NA,NA,NA,NA,NA,NA,NA,-20
DM0Sach-1in10-DL4_S30_R2_001,DM0Sach-1in10-DL4,DM0Sach-1in10-DL4,DM0Sach-1in10-DL4,NA,3,1,FALSE,Metabarcoding,Dros_niti,O,NA,NA,NA,NA,Cherry,NA,NA,NA,NA,NA,Qiagen Nondestructive,NA,NA,amplicon,,fwhF2-fwhR2n,NA,fwhf2T1-fwhR2nT1,NA,NA,NA,Miseq,NA,DADA2,NA,NA,NA,NA,NA,NA,NA,NA,NA,NA,NA,NA,NA,-20
DM0Sach-1in10-DL5_S38_R1_001,DM0Sach-1in10-DL5,DM0Sach-1in10-DL5,DM0Sach-1in10-DL5,NA,3,1,FALSE,Metabarcoding,Dros_niti,O,NA,NA,NA,NA,Cherry,NA,NA,NA,NA,NA,Qiagen Nondestructive,NA,NA,amplicon,,fwhF2-fwhR2n,NA,fwhf2T1-fwhR2nT1,NA,NA,NA,Miseq,NA,DADA2,NA,NA,NA,NA,NA,NA,NA,NA,NA,NA,NA,NA,NA,-20
DM0Sach-1in10-DL5_S38_R2_001,DM0Sach-1in10-DL5,DM0Sach-1in10-DL5,DM0Sach-1in10-DL5,NA,3,1,FALSE,Metabarcoding,Dros_niti,O,NA,NA,NA,NA,Cherry,NA,NA,NA,NA,NA,Qiagen Nondestructive,NA,NA,amplicon,,fwhF2-fwhR2n,NA,fwhf2T1-fwhR2nT1,NA,NA,NA,Miseq,NA,DADA2,NA,NA,NA,NA,NA,NA,NA,NA,NA,NA,NA,NA,NA,-20
DM0Sach-1in10-DL6_S46_R1_001,DM0Sach-1in10-DL6,DM0Sach-1in10-DL6,DM0Sach-1in10-DL6,NA,3,1,FALSE,Metabarcoding,Dros_niti,O,NA,NA,NA,NA,Cherry,NA,NA,NA,NA,NA,Qiagen Nondestructive,NA,NA,amplicon,,fwhF2-fwhR2n,NA,fwhf2T1-fwhR2nT1,NA,NA,NA,Miseq,NA,DADA2,NA,NA,NA,NA,NA,NA,NA,NA,NA,NA,NA,NA,NA,-20
DM0Sach-1in10-DL6_S46_R2_001,DM0Sach-1in10-DL6,DM0Sach-1in10-DL6,DM0Sach-1in10-DL6,NA,3,1,FALSE,Metabarcoding,Dros_niti,O,NA,NA,NA,NA,Cherry,NA,NA,NA,NA,NA,Qiagen Nondestructive,NA,NA,amplicon,,fwhF2-fwhR2n,NA,fwhf2T1-fwhR2nT1,NA,NA,NA,Miseq,NA,DADA2,NA,NA,NA,NA,NA,NA,NA,NA,NA,NA,NA,NA,NA,-20
DM6-SPD-1in10-CL1_S55_R1_001,DM6-SPD-1in10-CL1,DM6-SPD-1in10-CL1,DM6-SPD-1in10-CL1,NA,3,1,FALSE,Metabarcoding,Dros_niti,O,NA,NA,NA,NA,Cherry,NA,NA,NA,NA,NA,Qiagen Nondestructive,NA,NA,amplicon,,fwhF2-fwhR2n,NA,fwhf2T1-fwhR2nT1,NA,NA,NA,Miseq,NA,DADA2,NA,NA,NA,NA,NA,NA,NA,NA,NA,NA,NA,NA,NA,-20
DM6-SPD-1in10-CL1_S55_R2_001,DM6-SPD-1in10-CL1,DM6-SPD-1in10-CL1,DM6-SPD-1in10-CL1,NA,3,1,FALSE,Metabarcoding,Dros_niti,O,NA,NA,NA,NA,Cherry,NA,NA,NA,NA,NA,Qiagen Nondestructive,NA,NA,amplicon,,fwhF2-fwhR2n,NA,fwhf2T1-fwhR2nT1,NA,NA,NA,Miseq,NA,DADA2,NA,NA,NA,NA,NA,NA,NA,NA,NA,NA,NA,NA,NA,-20
DM6-SPD-1in10-CL2_S63_R1_001,DM6-SPD-1in10-CL2,DM6-SPD-1in10-CL2,DM6-SPD-1in10-CL2,NA,3,1,FALSE,Metabarcoding,Dros_niti,O,NA,NA,NA,NA,Cherry,NA,NA,NA,NA,NA,Qiagen Nondestructive,NA,NA,amplicon,,fwhF2-fwhR2n,NA,fwhf2T1-fwhR2nT1,NA,NA,NA,Miseq,NA,DADA2,NA,NA,NA,NA,NA,NA,NA,NA,NA,NA,NA,NA,NA,-20
DM6-SPD-1in10-CL2_S63_R2_001,DM6-SPD-1in10-CL2,DM6-SPD-1in10-CL2,DM6-SPD-1in10-CL2,NA,3,1,FALSE,Metabarcoding,Dros_niti,O,NA,NA,NA,NA,Cherry,NA,NA,NA,NA,NA,Qiagen Nondestructive,NA,NA,amplicon,,fwhF2-fwhR2n,NA,fwhf2T1-fwhR2nT1,NA,NA,NA,Miseq,NA,DADA2,NA,NA,NA,NA,NA,NA,NA,NA,NA,NA,NA,NA,NA,-20
DM6-SPD-1in10-CL3_S71_R1_001,DM6-SPD-1in10-CL3,DM6-SPD-1in10-CL3,DM6-SPD-1in10-CL3,NA,3,1,FALSE,Metabarcoding,Dros_niti,O,NA,NA,NA,NA,Cherry,NA,NA,NA,NA,NA,Qiagen Nondestructive,NA,NA,amplicon,,fwhF2-fwhR2n,NA,fwhf2T1-fwhR2nT1,NA,NA,NA,Miseq,NA,DADA2,NA,NA,NA,NA,NA,NA,NA,NA,NA,NA,NA,NA,NA,-20
DM6-SPD-1in10-CL3_S71_R2_001,DM6-SPD-1in10-CL3,DM6-SPD-1in10-CL3,DM6-SPD-1in10-CL3,NA,3,1,FALSE,Metabarcoding,Dros_niti,O,NA,NA,NA,NA,Cherry,NA,NA,NA,NA,NA,Qiagen Nondestructive,NA,NA,amplicon,,fwhF2-fwhR2n,NA,fwhf2T1-fwhR2nT1,NA,NA,NA,Miseq,NA,DADA2,NA,NA,NA,NA,NA,NA,NA,NA,NA,NA,NA,NA,NA,-20
DM6-SPD-1in10-CL4_S79_R1_001,DM6-SPD-1in10-CL4,DM6-SPD-1in10-CL4,DM6-SPD-1in10-CL4,NA,3,1,FALSE,Metabarcoding,Dros_niti,O,NA,NA,NA,NA,Cherry,NA,NA,NA,NA,NA,Qiagen Nondestructive,NA,NA,amplicon,,fwhF2-fwhR2n,NA,fwhf2T1-fwhR2nT1,NA,NA,NA,Miseq,NA,DADA2,NA,NA,NA,NA,NA,NA,NA,NA,NA,NA,NA,NA,NA,-20
DM6-SPD-1in10-CL4_S79_R2_001,DM6-SPD-1in10-CL4,DM6-SPD-1in10-CL4,DM6-SPD-1in10-CL4,NA,3,1,FALSE,Metabarcoding,Dros_niti,O,NA,NA,NA,NA,Cherry,NA,NA,NA,NA,NA,Qiagen Nondestructive,NA,NA,amplicon,,fwhF2-fwhR2n,NA,fwhf2T1-fwhR2nT1,NA,NA,NA,Miseq,NA,DADA2,NA,NA,NA,NA,NA,NA,NA,NA,NA,NA,NA,NA,NA,-20
DM6-SPD-1in10-CL5_S87_R1_001,DM6-SPD-1in10-CL5,DM6-SPD-1in10-CL5,DM6-SPD-1in10-CL5,NA,3,1,FALSE,Metabarcoding,Dros_niti,O,NA,NA,NA,NA,Cherry,NA,NA,NA,NA,NA,Qiagen Nondestructive,NA,NA,amplicon,,fwhF2-fwhR2n,NA,fwhf2T1-fwhR2nT1,NA,NA,NA,Miseq,NA,DADA2,NA,NA,NA,NA,NA,NA,NA,NA,NA,NA,NA,NA,NA,-20
DM6-SPD-1in10-CL5_S87_R2_001,DM6-SPD-1in10-CL5,DM6-SPD-1in10-CL5,DM6-SPD-1in10-CL5,NA,3,1,FALSE,Metabarcoding,Dros_niti,O,NA,NA,NA,NA,Cherry,NA,NA,NA,NA,NA,Qiagen Nondestructive,NA,NA,amplicon,,fwhF2-fwhR2n,NA,fwhf2T1-fwhR2nT1,NA,NA,NA,Miseq,NA,DADA2,NA,NA,NA,NA,NA,NA,NA,NA,NA,NA,NA,NA,NA,-20
DM6-SPD-1in10-CL6_S95_R1_001,DM6-SPD-1in10-CL6,DM6-SPD-1in10-CL6,DM6-SPD-1in10-CL6,NA,3,1,FALSE,Metabarcoding,Dros_niti,O,NA,NA,NA,NA,Cherry,NA,NA,NA,NA,NA,Qiagen Nondestructive,NA,NA,amplicon,,fwhF2-fwhR2n,NA,fwhf2T1-fwhR2nT1,NA,NA,NA,Miseq,NA,DADA2,NA,NA,NA,NA,NA,NA,NA,NA,NA,NA,NA,NA,NA,-20
DM6-SPD-1in10-CL6_S95_R2_001,DM6-SPD-1in10-CL6,DM6-SPD-1in10-CL6,DM6-SPD-1in10-CL6,NA,3,1,FALSE,Metabarcoding,Dros_niti,O,NA,NA,NA,NA,Cherry,NA,NA,NA,NA,NA,Qiagen Nondestructive,NA,NA,amplicon,,fwhF2-fwhR2n,NA,fwhf2T1-fwhR2nT1,NA,NA,NA,Miseq,NA,DADA2,NA,NA,NA,NA,NA,NA,NA,NA,NA,NA,NA,NA,NA,-20
